-- MySQL dump 10.13  Distrib 5.5.31, for debian-linux-gnu (x86_64)
--
-- Host: localhost    Database: iopo
-- ------------------------------------------------------
-- Server version	5.5.31-0ubuntu0.13.04.1-log

/*!40101 SET @OLD_CHARACTER_SET_CLIENT=@@CHARACTER_SET_CLIENT */;
/*!40101 SET @OLD_CHARACTER_SET_RESULTS=@@CHARACTER_SET_RESULTS */;
/*!40101 SET @OLD_COLLATION_CONNECTION=@@COLLATION_CONNECTION */;
/*!40101 SET NAMES utf8 */;
/*!40103 SET @OLD_TIME_ZONE=@@TIME_ZONE */;
/*!40103 SET TIME_ZONE='+00:00' */;
/*!40014 SET @OLD_UNIQUE_CHECKS=@@UNIQUE_CHECKS, UNIQUE_CHECKS=0 */;
/*!40014 SET @OLD_FOREIGN_KEY_CHECKS=@@FOREIGN_KEY_CHECKS, FOREIGN_KEY_CHECKS=0 */;
/*!40101 SET @OLD_SQL_MODE=@@SQL_MODE, SQL_MODE='NO_AUTO_VALUE_ON_ZERO' */;
/*!40111 SET @OLD_SQL_NOTES=@@SQL_NOTES, SQL_NOTES=0 */;

--
-- Table structure for table `attachments`
--

DROP TABLE IF EXISTS `attachments`;
/*!40101 SET @saved_cs_client     = @@character_set_client */;
/*!40101 SET character_set_client = utf8 */;
CREATE TABLE `attachments` (
  `id` int(6) NOT NULL AUTO_INCREMENT,
  `date_created` timestamp NOT NULL DEFAULT CURRENT_TIMESTAMP,
  `booking` varchar(255) DEFAULT NULL,
  `filename` varchar(255) DEFAULT NULL,
  `title` varchar(255) DEFAULT NULL,
  `type` varchar(255) DEFAULT NULL,
  PRIMARY KEY (`id`)
) ENGINE=InnoDB AUTO_INCREMENT=12 DEFAULT CHARSET=latin1;
/*!40101 SET character_set_client = @saved_cs_client */;

--
-- Dumping data for table `attachments`
--

LOCK TABLES `attachments` WRITE;
/*!40000 ALTER TABLE `attachments` DISABLE KEYS */;
INSERT INTO `attachments` VALUES (1,'2013-07-31 19:51:20','8044','51f96ab86a08aPurchase_Order_Media Broker Test 2_Popular Mechanics_2013-07-29 (1).pdf','Test PDF','application/pdf'),(2,'2013-07-31 19:54:20','8044','51f96b6c278faInsertion_Order_La Manga Consuting_People_2013-07-30 (1).pdf','Test PDF 2','application/pdf'),(3,'2013-07-31 19:56:08','8044','51f96bd8dc51aPurchase_Order_La Manga Consuting_People_2013-07-30.pdf','test3','application/pdf'),(4,'2013-07-31 19:58:33','8044','51f96c691192eThis is a test csv.csv','dfgdfg','text/csv'),(5,'2013-07-31 20:00:04','8045','51f96cc4423b6Purchase_Order_PharmaCare US_People Magazine_2013-07-31.pdf','Signed PO','application/pdf'),(6,'2013-07-31 20:03:49','8045','51f96da5451e3heavyweight.zip','test.zip','application/zip'),(7,'2013-08-01 10:32:26','8046','51fa393ae7281camber_east_sussex_castle.png','city_photo','image/png'),(8,'2013-08-01 10:33:34','8046','51fa397edccd9camber_east_sussex_castle.png','city_photo_60k','image/png'),(9,'2013-08-01 11:36:58','8050','51fa485a0e1d3westcliff_on_sea_essex_estuary.png','','image/png'),(10,'2013-08-01 11:46:43','8050','51fa4aa3bceb6camber_east_sussex_castle.png','','image/png'),(11,'2013-08-02 11:17:07','8082','51fb9533232b0us_locations.xlsx','Jims test file - Excel file','application/vnd.openxmlformats-officedocument.spreadsheetml.sheet');
/*!40000 ALTER TABLE `attachments` ENABLE KEYS */;
UNLOCK TABLES;

--
-- Table structure for table `bookings`
--

DROP TABLE IF EXISTS `bookings`;
/*!40101 SET @saved_cs_client     = @@character_set_client */;
/*!40101 SET character_set_client = utf8 */;
CREATE TABLE `bookings` (
  `id` int(6) NOT NULL AUTO_INCREMENT,
  `date` varchar(255) NOT NULL,
  `product_advertiser` varchar(255) NOT NULL,
  `client_id` varchar(255) NOT NULL,
  `client_company_name` varchar(255) NOT NULL,
  `client_street_1` varchar(255) NOT NULL,
  `client_street_2` varchar(255) NOT NULL,
  `client_street_3` varchar(255) NOT NULL,
  `client_city` varchar(255) NOT NULL,
  `client_state` varchar(255) NOT NULL,
  `client_zip` varchar(255) NOT NULL,
  `client_phone` varchar(255) NOT NULL,
  `client_primary_contact` varchar(255) NOT NULL,
  `media_name` varchar(255) NOT NULL,
  `circulation_rate_base` varchar(255) NOT NULL,
  `ad_specs` varchar(255) NOT NULL,
  `media_company_name` varchar(255) NOT NULL,
  `media_street_1` varchar(255) NOT NULL,
  `media_street_2` varchar(255) NOT NULL,
  `media_street_3` varchar(255) NOT NULL,
  `media_city` varchar(255) NOT NULL,
  `media_state` varchar(255) NOT NULL,
  `media_zip` varchar(255) NOT NULL,
  `media_phone` varchar(255) NOT NULL,
  `media_primary_contact` varchar(255) NOT NULL,
  `split_agreement` varchar(255) NOT NULL,
  `split_percent` varchar(255) NOT NULL,
  `sales_rep` varchar(255) NOT NULL,
  `marketing_rep` varchar(255) NOT NULL,
  `media_id` varchar(255) NOT NULL,
  `disposition_notes` text,
  `placement_notes` text,
  `media_email` varchar(255) DEFAULT NULL,
  `client_email` varchar(255) DEFAULT NULL,
  `status` varchar(255) DEFAULT 'Pending',
  `orig_id` varchar(255) DEFAULT NULL,
  `revision` int(11) DEFAULT '0',
  `change_reason` text,
  `media_country` varchar(255) DEFAULT NULL,
  `client_country` varchar(255) DEFAULT NULL,
  PRIMARY KEY (`id`)
) ENGINE=InnoDB AUTO_INCREMENT=8157 DEFAULT CHARSET=latin1;
/*!40101 SET character_set_client = @saved_cs_client */;

--
-- Dumping data for table `bookings`
--

LOCK TABLES `bookings` WRITE;
/*!40000 ALTER TABLE `bookings` DISABLE KEYS */;
INSERT INTO `bookings` VALUES (1,'07/24/2013','Tread Depot','5','PharmaCare US','5030 Camino de la Siesta St. 200','','','San Diego','CA','','858-997-1156 ex 502','','Field & Stream','1,250,000','FP4C Bleed','Popular Mechanics','300 West 57th St','','','New York','NY','10019','212-649-4204','Primary Contact','','','1','','10',NULL,NULL,NULL,NULL,'Pending',NULL,0,NULL,NULL,NULL),(2,'07/24/2013','Tread Deopt','4','Fisker Automotive','5515 E. Palma ','','','Anaheim','CA','92807','71488-4255','','Field & Stream','1500000','FP4C Bleed','People','3399 Peachtree Rd NE','','','Atlanta','GA','30326','404-346-4031','Primary Contact','','','1','','8',NULL,NULL,NULL,NULL,'Pending',NULL,0,NULL,NULL,NULL),(3,'07/25/2013','Advertiser','5','PharmaCare US','5030 Camino de la Siesta St. 200','','','San Diego','CA','','858-997-1156 ex 502','','Media Name','500000','FP4C','Popular Mechanics','300 West 57th St','','','New York','NY','10019','212-649-4204','Primary Contact','','','1','','10','These are instructions\r\nTheses are some more','These are instructions1\r\nTheses are some more1','john@dailydealsuperstore.com','john@dailydealsuperstore.com','Pending',NULL,0,NULL,NULL,NULL),(8007,'07/25/2013','Test','6','American Massage Therapy Association','500 Davis St, St 900','','','Evanston','IL','','847-9051649','','Test','Test','Test','Media People Inc.','122 East 42nd St, Ste. 725','','','New York','NY','10168','212-779-7172 ext. 223','Primary Contact','','','1','','6','','','john@dailydealsuperstore.com','john@dailydealsuperstore.com','Pending',NULL,0,NULL,NULL,NULL),(8008,'07/26/2013','Whole Foods Magazine','8','Homestead International Group','1359 Broadway','','','New York','NY','10018','646-839-7356','','Whole Foods Magazine','1,500,000','FP4C','Whole Foods Magazine','4041G Hadley Road Suite 101','','','South Plainfield','NJ','07080','908-769-1160 ext. 14','Primary Contact','','','1','','9','','','john@dailydealsuperstore.com','john@dailydealsuperstore.com','Pending',NULL,0,NULL,NULL,NULL),(8009,'2013-07-26','People','1','Test Company','123 Main St','Apt 3','','Atlanta','GA','30033','4046614180','','People','5,000,000','FP4C','People','3399 Peachtree Rd NE','','','Atlanta','GA','30326','404-346-4031','Primary Contact','','','1','','8','','','john@dailydealsuperstore.com','testco@dailydealsuperstore.com','Pending',NULL,0,NULL,NULL,NULL),(8010,'2013-07-26','','6','American Massage Therapy Association','500 Davis St, St 900','','','Evanston','IL','','847-9051649','','','','','Entrepreneur Media, Inc.','8 W 38th Street',' ','','New York','NY','10018','770-209-9858','Primary Contact','','','3','','3','','','john@dailydealsuperstore.com','john@dailydealsuperstore.com','Pending',NULL,0,NULL,NULL,NULL),(8011,'2013-07-26','','10','William Mitchell College of Law','875 Summit Avenue','','','Saint Paul','MN','55105','651-290-6439','','','','','Whole Foods Magazine','4041G Hadley Road Suite 101','','','South Plainfield','NJ','07080','908-769-1160 ext. 14','Primary Contact','','','3','','9','','','john@dailydealsuperstore.com','john@dailydealsuperstore.com','Pending',NULL,0,NULL,NULL,NULL),(8012,'2013-07-26','test','5','PharmaCare US','5030 Camino de la Siesta St. 200','','','San Diego','CA','','858-997-1156 ex 502','','test','test','test','Media People Inc.','122 East 42nd St, Ste. 725','','','New York','NY','10168','212-779-7172 ext. 223','Primary Contact','','','1','','6','','','john@dailydealsuperstore.com','john@dailydealsuperstore.com','Pending',NULL,0,NULL,NULL,NULL),(8013,'2013-07-26','dfgdf','5','PharmaCare US','5030 Camino de la Siesta St. 200','','','San Diego','CA','','858-997-1156 ex 502','','gdfg','dfgd','fgdfg','People','3399 Peachtree Rd NE','','','Atlanta','GA','30326','404-346-4031','Primary Contact','','','1','','8','','','john@dailydealsuperstore.com','john@dailydealsuperstore.com','',NULL,0,NULL,NULL,NULL),(8014,'2013-07-26','etrtert','7','PharmaCare Canada','109 Thomas St','','','Oakville','ON','L6 J7R4','905-257-5162','','erter','ertert','ertert','Media People Inc.','122 East 42nd St, Ste. 725','','','New York','NY','10168','212-779-7172 ext. 223','Primary Contact','','','1','','6','','','john@dailydealsuperstore.com','john@dailydealsuperstore.com','Pending',NULL,0,NULL,NULL,NULL),(8015,'2013-07-26','ertert','5','PharmaCare US','5030 Camino de la Siesta St. 200','','','San Diego','CA','','858-997-1156 ex 502','','ertert','erter','ertert','People','3399 Peachtree Rd NE','','','Atlanta','GA','30326','404-346-4031','Primary Contact','','','1','','8','','','john@dailydealsuperstore.com','john@dailydealsuperstore.com','Approved',NULL,0,NULL,NULL,NULL),(8016,'2013-07-26','erterte','5','PharmaCare US','5030 Camino de la Siesta St. 200','','','San Diego','CA','','858-997-1156 ex 502','','rtert','ertert','erter','Media People Inc.','122 East 42nd St, Ste. 725','','','New York','NY','10168','212-779-7172 ext. 223','Primary Contact','','','1','','6','','','john@dailydealsuperstore.com','john@dailydealsuperstore.com','Approved',NULL,0,NULL,NULL,NULL),(8017,'2013-07-26','tyrty','7','PharmaCare Canada','109 Thomas St','','','Oakville','ON','L6 J7R4','905-257-5162','','rtyrt','yrty','rtyr','Media People Inc.','122 East 42nd St, Ste. 725','','','New York','NY','10168','212-779-7172 ext. 223','Primary Contact','','','1','','6','','','john@dailydealsuperstore.com','john@dailydealsuperstore.com','Pending',NULL,0,NULL,NULL,NULL),(8018,'2013-07-28','Specialty Retailers, Inc','11','Specialty Retailers, Inc','10201 Main Street','','','Houston','TX','77025','713 669 2831','','People Magazine','12/2 Issue:  574,000','Full Page, 4 Color, Bleed','People Magazine','','','','','','','','Primary Contact','','','3','','12','','','John@dailydealsuperstore.com','john@dailydealsuperstore.com','Pending',NULL,0,NULL,NULL,NULL),(8019,'2013-07-29','Media Broker Test 2','13','Media Broker Test 2','','','','','AR','','','','Popular Mechanics','1500000\r\n2000000','4-Color, FP, Classified Ad','Popular Mechanics','300 West 57th St','','','New York','NY','10019','212-649-4204','','','','16','','10','','','john@dailydealsuperstore.com','','Pending',NULL,0,NULL,NULL,NULL),(8020,'2013-07-29','Media Broker Test 2','13','Media Broker Test 2','','','','','AL','','','','People Magazine','','','People Magazine','','','','','AL','','','','','','16','','12','','','John@dailydealsuperstore.com','','Approved',NULL,0,NULL,NULL,NULL),(8021,'2013-07-29','Media Broker Test 2','13','Media Broker Test 2','','','','','AL','','','','Media People Inc.','','','Media People Inc.','122 East 42nd St, Ste. 725','','','New York','NY','10168','212-779-7172 ext. 223','','','','16','','6','','','john@dailydealsuperstore.com','','Approved',NULL,0,NULL,NULL,NULL),(8022,'2013-07-29','Media Broker Test 2','13','Media Broker Test 2','','','','','AL','','','','Entrepreneur Media, Inc.','','','Entrepreneur Media, Inc.','8 W 38th Street',' ','','New York','NY','10018','770-209-9858','','','','16','','3','','','john@dailydealsuperstore.com','','Approved',NULL,0,NULL,NULL,NULL),(8023,'2013-07-30','PharmaCare US','5','PharmaCare US','5030 Camino de la Siesta St. 200','','','San Diego','CA','','858-997-1156 ex 502','','Media People Inc.','','','Media People Inc.','122 East 42nd St, Ste. 725','','','New York','NY','10168','212-779-7172 ext. 223','','','','3','','6','','','john@dailydealsuperstore.com','john@dailydealsuperstore.com','Approved',NULL,0,NULL,NULL,NULL),(8024,'2013-07-30','PharmaCare US','5','PharmaCare US','5030 Camino de la Siesta St. 200','','','San Diego','CA','','858-997-1156 ex 502','','Media People Inc.','','','Media People Inc.','122 East 42nd St, Ste. 725','','','New York','NY','10168','212-779-7172 ext. 223','','','','3','','6','','','john@dailydealsuperstore.com','john@dailydealsuperstore.com','Approved',NULL,0,NULL,NULL,NULL),(8025,'2013-07-30','Media Broker Test 2','13','Media Broker Test 2','18 ivy ridge','','','atlanta','GA','30342','','','Media People Inc.','','','Media People Inc.','122 East 42nd St, Ste. 725','','','New York','NY','10168','212-779-7172 ext. 223','','','','16','','6','','','john@dailydealsuperstore.com','','Approved',NULL,0,NULL,NULL,NULL),(8026,'2013-07-30','La Manga Consuting','14','La Manga Consuting','Hacienda Doso  Mares','Gran Via','','Murcia','CA','30380','649 999 264','','Media People Inc.','100000','2-Color, ','Media People Inc.','122 East 42nd St, Ste. 725','','','New York','NY','10168','212-779-7172 ext. 223','','','','17','','6','','','john@dailydealsuperstore.com','jim@imaginethenow.com','Pending',NULL,0,NULL,NULL,NULL),(8027,'2013-07-30','La Manga Consuting','14','La Manga Consuting','Hacienda Dos Mares','Gran Via','','Murcia','CA','30380','649 999 264','Jim','Media People Inc.','500k','2-Color, ','Media People Inc.','122 East 42nd St, Ste. 725','New Street Address','','New York','NY','10168','212-779-7172 ext. 223','','john','10','17','','6','','','john@dailydealsuperstore.com','jim@imaginethenow.com','Approved',NULL,0,NULL,NULL,NULL),(8028,'2013-07-30','La Manga Consuting','14','La Manga Consuting','Hacienda Dos Mares','Gran Via','','Murcia','CA','30380','649 999 264','','People Magazine','','2-Color, ','People Magazine','','','','','AL','','','','','0','17','','12','','','John@dailydealsuperstore.com','jim@imaginethenow.com','Pending',NULL,0,NULL,NULL,NULL),(8029,'2013-07-30','La Manga Consuting','14','La Manga Consuting','Hacienda Dos Mares','Gran Via','','Murcia','CA','30380','649 999 264','','People','450000','FP, 4-Color, Bleed, ','People','3399 Peachtree Rd NE','','','Atlanta','GA','30326','404-346-4031','','','0','17','','8','','','john@dailydealsuperstore.com','jim@imaginethenow.com','Pending',NULL,0,NULL,NULL,NULL),(8030,'2013-07-30','La Manga Consuting','14','La Manga Consuting','Hacienda Dos Mares','Gran Via','','Murcia','CA','30380','649 999 264','','People','','FP, 4-Color, Bleed, ','People','3399 Peachtree Rd NE','','','Atlanta','GA','30326','404-346-4031','','','0','1','','8','','','john@dailydealsuperstore.com','jim@imaginethenow.com','Pending','8030',1,NULL,NULL,NULL),(8031,'2013-07-30','La Manga Consuting','14','La Manga Consuting','Hacienda Dos Mares','Gran Via','','Murcia','CA','30380','649 999 264','','People','','FP, 4-Color, Bleed, ','People','3399 Peachtree Rd NE','','','Atlanta','GA','30326','404-346-4031','','','0','1','','8','','','john@dailydealsuperstore.com','jim@imaginethenow.com','Pending','8030',2,NULL,NULL,NULL),(8032,'2013-07-30','La Manga Consuting','14','La Manga Consuting','Hacienda Dos Mares','Gran Via','','Murcia','CA','30380','649 999 264','','People','','FP, 4-Color, Bleed, ','People','3399 Peachtree Rd NE','','','Atlanta','GA','30326','404-346-4031','','','0','1','','8','','','john@dailydealsuperstore.com','jim@imaginethenow.com','Pending','8030',3,NULL,NULL,NULL),(8033,'2013-07-30','La Manga Consuting','14','La Manga Consuting','Hacienda Dos Mares','Gran Via','','Murcia','CA','30380','649 999 264','','People','','FP, 4-Color, Bleed, ','People','3399 Peachtree Rd NE','','','Atlanta','GA','30326','404-346-4031','','','0','1','','8','','','john@dailydealsuperstore.com','jim@imaginethenow.com','Pending','8032',1,'this is a reason test',NULL,NULL),(8034,'2013-07-30','La Manga Consuting','14','La Manga Consuting','Hacienda Dos Mares','Gran Via','','Murcia','CA','30380','649 999 264','','People','','FP, 4-Color, Bleed, ','People','3399 Peachtree Rd NE','','','Atlanta','GA','30326','404-346-4031','','','0','1','','8','','','john@dailydealsuperstore.com','jim@imaginethenow.com','Pending','8033',1,'this is a reason',NULL,NULL),(8035,'2013-07-30','La Manga Consuting','14','La Manga Consuting','Hacienda Dos Mares','Gran Via','','Murcia','CA','30380','649 999 264','','People','','FP, 4-Color, Bleed, ','People','3399 Peachtree Rd NE','','','Atlanta','GA','30326','404-346-4031','','','0','1','','8','','','john@dailydealsuperstore.com','jim@imaginethenow.com','Pending','8033',2,'fgh dfg h',NULL,NULL),(8036,'2013-07-30','La Manga Consuting','14','La Manga Consuting','Hacienda Dos Mares','Gran Via','','Murcia','CA','30380','649 999 264','','People','','FP, 4-Color, Bleed, ','People','3399 Peachtree Rd NE','','','Atlanta','GA','30326','404-346-4031','','','0','1','','8','','','john@dailydealsuperstore.com','jim@imaginethenow.com','Pending','8030',4,'xccvbvbxdf',NULL,NULL),(8037,'2013-07-30','La Manga Consuting','14','La Manga Consuting','Hacienda Dos Mares','Gran Via','','Murcia','CA','30380','649 999 264','','People','450000','FP, 4-Color, Bleed, ','People','3399 Peachtree Rd NE','','','Atlanta','GA','30326','404-346-4031','','','0','1','','8','','','john@dailydealsuperstore.com','jim@imaginethenow.com','Pending',NULL,1,'fghjfghj',NULL,NULL),(8038,'2013-07-30','La Manga Consuting','14','La Manga Consuting','Hacienda Dos Mares','Gran Via','','Murcia','CA','30380','649 999 264','','People','450000','FP, 4-Color, Bleed, ','People','3399 Peachtree Rd NE','','','Atlanta','GA','30326','404-346-4031','','','0','1','','8','','','john@dailydealsuperstore.com','jim@imaginethenow.com','Pending','8029',1,'gfhdcfghd fgh',NULL,NULL),(8039,'2013-07-30','La Manga Consuting','14','La Manga Consuting','Hacienda Dos Mares','Gran Via','','Murcia','CA','30380','649 999 264','','People','450000','FP, 4-Color, Bleed, ','People','3399 Peachtree Rd NE','','','Atlanta','GA','30326','404-346-4031','','','0','1','','8','','','john@dailydealsuperstore.com','jim@imaginethenow.com','Approved','8029',2,'cvdfghdfgh',NULL,NULL),(8040,'2013-07-30','PharmaCare US','5','PharmaCare US','5030 Camino de la Siesta St. 200','','','San Diego','CA','','858-997-1156 ex 502','','Media People Inc.','','','Media People Inc.','122 East 42nd St, Ste. 725','','','New York','NY','10168','212-779-7172 ext. 223','','','0','1','','6','','','john@dailydealsuperstore.com','john@dailydealsuperstore.com','Approved','8024',1,'test',NULL,NULL),(8041,'2013-07-30','La Manga Consuting','14','La Manga Consuting','Hacienda Dos Mares','Gran Via','','Murcia','CA','30380','649 999 264','','Entrepreneur Media, Inc.','1,500,000','4-Color, FP, Classified Ad, ','Entrepreneur Media, Inc.','8 W 38th Street',' ','','New York','NY','10018','770-209-9858','','John Casson','50','1','','3','','','john@dailydealsuperstore.com','jim@imaginethenow.com','Pending','',0,'',NULL,NULL),(8042,'2013-07-30','La Manga Consuting','14','La Manga Consuting','Hacienda Dos Mares','Gran Via','','Murcia','CA','30380','649 999 264','','Entrepreneur Media, Inc.','1,500,000','4-Color, FP, Classified Ad, ','Entrepreneur Media, Inc.','8 W 38th Street',' ','','New York','NY','10018','770-209-9858','','John Casson','50','1','','3','','','john@dailydealsuperstore.com','jim@imaginethenow.com','Pending','8041',1,'Proin eu augue ut tellus rhoncus fermentum. Quisque mollis leo augue, ut volutpat erat molestie sed. Aenean ante dui, consequat sit amet lorem id, convallis volutpat magna. Duis gravida cursus dolor, a luctus libero. Etiam hendrerit bibendum risus, et mollis nisl venenatis eget. In hac habitasse platea dictumst. Proin nec sem at elit blandit porta. Nulla luctus arcu libero, nec congue leo cursus non. Morbi pulvinar vehicula diam eu elementum.',NULL,NULL),(8043,'2013-07-30','PharmaCare US','5','PharmaCare US','5030 Camino de la Siesta St. 200','','','San Diego','CA','','858-997-1156 ex 502','','People','','','People','3399 Peachtree Rd NE','','','Atlanta','GA','30326','404-346-4031','','','0','3','','8','','','john@dailydealsuperstore.com','john@dailydealsuperstore.com','Approved','',0,'',NULL,NULL),(8044,'2013-07-31','PharmaCare US','5','PharmaCare US','5030 Camino de la Siesta St. 200','','','San Diego','CA','','858-997-1156 ex 502','','People Magazine','','','People Magazine','','','','','AL','','','','','0','3','','12','','','John@dailydealsuperstore.com','john@dailydealsuperstore.com','Approved','',0,'',NULL,NULL),(8045,'2013-07-31','PharmaCare US','5','PharmaCare US','5030 Camino de la Siesta St. 200','','','San Diego','CA','','858-997-1156 ex 502','','People Magazine','','','People Magazine','','','','','AL','','','','','0','3','','12','','','John@dailydealsuperstore.com','john@dailydealsuperstore.com','Approved','',0,'',NULL,NULL),(8046,'2013-07-23','La Manga Consuting','14','La Manga Consuting','Hacienda Dos Mares 12','Gran Via','La Manga del Mar Menor','Murcia','CA','30380','649 999 264','Jim Gibbons','Media People Inc.','650000','4-Color, Non-Bleed, Classified Ad, ','Media People Inc.','122 East 42nd St, Ste. 725','','','New York','NY','10168','212-779-7172 ext. 223','Fred Smith','John','10','17','','6','','','john@dailydealsuperstore.com','jim@imaginethenow.com','Approved','',0,'',NULL,NULL),(8047,'2013-07-23','La Manga Consuting','14','La Manga Consuting','Hacienda Dos Mares 12','Gran Via','La Manga del Mar MenoR','Murcia','CA','30380','649 999 264','Jim Gibbons','Media People Inc.','650000','4-Color, Non-Bleed, Classified Ad, ','Media People Inc.','122 East 42nd St, Ste. 725','','','New York','NY','10168','212-779-7172 ext. 223','John Smith','Peter','10','17','','6','','','john@dailydealsuperstore.com','jim@imaginethenow.com','Approved','8046',1,'Test change 1 - Change of Publisher address, contact, split with and rate card',NULL,NULL),(8048,'2013-07-23','La Manga Consuting','14','La Manga Consuting','Hacienda Dos Mares 12','Gran Via','La Manga del Mar MenoR','Murcia','CA','30380','649 999 264','Jim Gibbons','Media People Inc.','650000','4-Color, Non-Bleed, Classified Ad, ','Media People Inc.','122 East 42nd St, Ste. 725','','','New York','NY','10168','212-779-7172 ext. 223','John Smith','Peter','10','17','','6','','','john@dailydealsuperstore.com','jim@imaginethenow.com','Approved','8046',2,'change rate card from 45 to 55',NULL,NULL),(8049,'2013-08-01','La Manga Consuting','14','La Manga Consuting','Hacienda Dos Mares','Gran Via','','Murcia','CA','30380','649 999 264','','Media People Inc.','Rate Base 100000','','Media People Inc.','122 East 42nd St, Ste. 725','','','New York','NY','10168','212-779-7172 ext. 223','','Fred','25','17','','6','','','john@dailydealsuperstore.com','jim@imaginethenow.com','Approved','',0,'',NULL,NULL),(8050,'2013-08-01','test client','15','test client','','','','','CA','','123 456 789','','Test Publisher','10000000','4-Color, ','Test Publisher','','','','','AL','','987 654 321','','','0','18','','13','','','tp@imagine.com','tc@imagine.com','Approved','',0,'',NULL,NULL),(8051,'2013-08-01','PharmaCare US','5','PharmaCare US','5030 Camino de la Siesta St. 200','','','San Diego','CA','','858-997-1156 ex 502','','People','400000','4-Color, FP, Bleed, ','People','3399 Peachtree Rd NE','','','Atlanta','GA','30326','404-346-4031','','','0','3','','8','','','john@dailydealsuperstore.com','john@dailydealsuperstore.com','Approved','',0,'',NULL,NULL),(8052,'2013-08-01','PharmaCare US','5','PharmaCare US','5030 Camino de la Siesta St. 200','','','San Diego','CA','','858-997-1156 ex 502','Art Rowe-Cerveny','People','4000000','2-Color, fp','People','3399 Peachtree Rd NE','','','Atlanta','GA','30326','404-346-4031','Kevin Blechman','','0','3','','8','','','john@dailydealsuperstore.com','john@dailydealsuperstore.com','Approved','',0,'',NULL,NULL),(8053,'2013-08-01','PharmaCare US','5','PharmaCare US','5030 Camino de la Siesta St. 200','','','San Diego','CA','','858-997-1156 ex 502','Art Rowe-Cerveny','People','4000000','2-Color, fp','People','3399 Peachtree Rd NE','','','Atlanta','GA','30326','404-346-4031','Kevin Blechman','','0','1','','8','','','john@dailydealsuperstore.com','john@dailydealsuperstore.com','Pending','8052',1,'dghfghf',NULL,NULL),(8054,'2013-08-01','PharmaCare US','5','PharmaCare US','5030 Camino de la Siesta St. 200','','','San Diego','CA','','858-997-1156 ex 502','Art Rowe-Cerveny','People','4000000','2-Color, fp','People','3399 Peachtree Rd NE','','','Atlanta','GA','30326','404-346-4031','Kevin Blechman','','0','1','','8','','','john@dailydealsuperstore.com','john@dailydealsuperstore.com','Pending','8052',2,'dfghfgh',NULL,NULL),(8055,'2013-08-01','PharmaCare US','5','PharmaCare US','5030 Camino de la Siesta St. 200','','','San Diego','CA','','858-997-1156 ex 502','Art Rowe-Cerveny','People','4000000','2-Color, fp','People','3399 Peachtree Rd NE','','','Atlanta','GA','30326','404-346-4031','Kevin Blechman','','0','1','','8','','','john@dailydealsuperstore.com','john@dailydealsuperstore.com','Pending','8052',3,'fghyjyg',NULL,NULL),(8056,'2013-08-01','PharmaCare US','5','PharmaCare US','5030 Camino de la Siesta St. 200','','','San Diego','CA','','858-997-1156 ex 502','Art Rowe-Cerveny','People','4000000','2-Color, fp','People','3399 Peachtree Rd NE','','','Atlanta','GA','30326','404-346-4031','Kevin Blechman','','0','1','','8','','','john@dailydealsuperstore.com','john@dailydealsuperstore.com','Pending','8052',4,'bj,mhjk',NULL,NULL),(8057,'2013-08-01','PharmaCare US','5','PharmaCare US','5030 Camino de la Siesta St. 200','','','San Diego','CA','','858-997-1156 ex 502','Art Rowe-Cerveny','People','4000000','2-Color, fp','People','3399 Peachtree Rd NE','','','Atlanta','GA','30326','404-346-4031','Kevin Blechman','','0','1','','8','','','john@dailydealsuperstore.com','john@dailydealsuperstore.com','Pending','8052',5,'fghfgh',NULL,NULL),(8058,'2013-08-01','PharmaCare US','5','PharmaCare US','5030 Camino de la Siesta St. 200','','','San Diego','CA','','858-997-1156 ex 502','Art Rowe-Cerveny','People','4000000','2-Color, fp','People','3399 Peachtree Rd NE','','','Atlanta','GA','30326','404-346-4031','Kevin Blechman','','0','1','','8','','','john@dailydealsuperstore.com','john@dailydealsuperstore.com','Pending','8052',6,'hjkghjk',NULL,NULL),(8059,'2013-08-01','PharmaCare US','5','PharmaCare US','5030 Camino de la Siesta St. 200','','','San Diego','CA','','858-997-1156 ex 502','Art Rowe-Cerveny','People','4000000','2-Color, fp','People','3399 Peachtree Rd NE','','','Atlanta','GA','30326','404-346-4031','Kevin Blechman','','0','1','','8','','','john@dailydealsuperstore.com','john@dailydealsuperstore.com','Pending','8052',7,'ggfhf',NULL,NULL),(8060,'2013-08-01','PharmaCare US','5','PharmaCare US','5030 Camino de la Siesta St. 200','','','San Diego','CA','','858-997-1156 ex 502','Art Rowe-Cerveny','People','4000000','2-Color, fp','People','3399 Peachtree Rd NE','','','Atlanta','GA','30326','404-346-4031','Kevin Blechman','','0','1','','8','','','john@dailydealsuperstore.com','john@dailydealsuperstore.com','Pending','8052',8,'ggfhf',NULL,NULL),(8061,'2013-08-01','PharmaCare US','5','PharmaCare US','5030 Camino de la Siesta St. 200','','','San Diego','CA','','858-997-1156 ex 502','Art Rowe-Cerveny','People','4000000','2-Color, fp','People','3399 Peachtree Rd NE','','','Atlanta','GA','30326','404-346-4031','Kevin Blechman','','0','1','','8','','','john@dailydealsuperstore.com','john@dailydealsuperstore.com','Pending','8052',9,'ggfhf',NULL,NULL),(8062,'2013-08-01','PharmaCare US','5','PharmaCare US','5030 Camino de la Siesta St. 200','','','San Diego','CA','','858-997-1156 ex 502','Art Rowe-Cerveny','People','4000000','2-Color, fp','People','3399 Peachtree Rd NE','','','Atlanta','GA','30326','404-346-4031','Kevin Blechman','','0','1','','8','','','john@dailydealsuperstore.com','john@dailydealsuperstore.com','Pending','8052',10,'ggfhf',NULL,NULL),(8063,'2013-08-01','PharmaCare US','5','PharmaCare US','5030 Camino de la Siesta St. 200','','','San Diego','CA','','858-997-1156 ex 502','Art Rowe-Cerveny','People','4000000','2-Color, fp','People','3399 Peachtree Rd NE','','','Atlanta','GA','30326','404-346-4031','Kevin Blechman','','0','1','','8','','','john@dailydealsuperstore.com','john@dailydealsuperstore.com','Pending','8052',11,'fjghjfghj',NULL,NULL),(8064,'2013-08-01','PharmaCare US','5','PharmaCare US','5030 Camino de la Siesta St. 200','','','San Diego','CA','','858-997-1156 ex 502','Art Rowe-Cerveny','People','4000000','2-Color, fp','People','3399 Peachtree Rd NE','','','Atlanta','GA','30326','404-346-4031','Kevin Blechman','','0','1','','8','','','john@dailydealsuperstore.com','john@dailydealsuperstore.com','Pending','8052',12,'dfgdfg',NULL,NULL),(8065,'2013-08-01','PharmaCare US','5','PharmaCare US','5030 Camino de la Siesta St. 200','','','San Diego','CA','','858-997-1156 ex 502','Art Rowe-Cerveny','People','4000000','2-Color, fp','People','3399 Peachtree Rd NE','','','Atlanta','GA','30326','404-346-4031','Kevin Blechman','','0','1','','8','','','john@dailydealsuperstore.com','john@dailydealsuperstore.com','Pending','8052',13,'dfgdfg',NULL,NULL),(8066,'2013-08-01','PharmaCare US','5','PharmaCare US','5030 Camino de la Siesta St. 200','','','San Diego','CA','','858-997-1156 ex 502','Art Rowe-Cerveny','People','4000000','2-Color, fp','People','3399 Peachtree Rd NE','','','Atlanta','GA','30326','404-346-4031','Kevin Blechman','','0','1','','8','','','john@dailydealsuperstore.com','john@dailydealsuperstore.com','Pending','8052',14,'dfgdfg',NULL,NULL),(8067,'2013-08-01','PharmaCare US','5','PharmaCare US','5030 Camino de la Siesta St. 200','','','San Diego','CA','','858-997-1156 ex 502','Art Rowe-Cerveny','People','4000000','2-Color, fp','People','3399 Peachtree Rd NE','','','Atlanta','GA','30326','404-346-4031','Kevin Blechman','','0','1','','8','','','john@dailydealsuperstore.com','john@dailydealsuperstore.com','Approved','8052',15,'dgfhdfgh',NULL,NULL),(8068,'2013-08-01','PharmaCare US','5','PharmaCare US','5030 Camino de la Siesta St. 200','','','San Diego','CA','','858-997-1156 ex 502','Art Rowe-Cerveny','People','4000000','2-Color, fp','People','3399 Peachtree Rd NE','','','Atlanta','GA','30326','404-346-4031','Kevin Blechman','','0','1','','8','','','john@dailydealsuperstore.com','john@dailydealsuperstore.com','Denied','8052',16,'hjkhjuk',NULL,NULL),(8069,'2013-08-01','PharmaCare US','5','PharmaCare US','5030 Camino de la Siesta St. 200','','','San Diego','CA','','858-997-1156 ex 502','Art Rowe-Cerveny','People','4000000','2-Color, fp','People','3399 Peachtree Rd NE','','','Atlanta','GA','30326','404-346-4031','Kevin Blechman','','0','1','','8','','','john@dailydealsuperstore.com','john@dailydealsuperstore.com','Denied','8052',17,'dfgdf',NULL,NULL),(8070,'2013-08-01','PharmaCare US','5','PharmaCare US','5030 Camino de la Siesta St. 200','','','San Diego','CA','','858-997-1156 ex 502','Art Rowe-Cerveny','People','4000000','2-Color, fp','People','3399 Peachtree Rd NE','','','Atlanta','GA','30326','404-346-4031','Kevin Blechman','','0','1','','8','','','john@dailydealsuperstore.com','john@dailydealsuperstore.com','Denied','8052',18,'dfgdf',NULL,NULL),(8071,'2013-08-01','PharmaCare US','5','PharmaCare US','5030 Camino de la Siesta St. 200','','','San Diego','CA','','858-997-1156 ex 502','Art Rowe-Cerveny','People','4000000','2-Color, fp','People','3399 Peachtree Rd NE','','','Atlanta','GA','30326','404-346-4031','Kevin Blechman','','0','1','','8','','','john@dailydealsuperstore.com','john@dailydealsuperstore.com','Approved','8052',19,'fgbfvghf',NULL,NULL),(8072,'2013-08-01','PharmaCare US','5','PharmaCare US','5030 Camino de la Siesta St. 200','','','San Diego','CA','','858-997-1156 ex 502','Art Rowe-Cerveny','People','4000000','2-Color, fp','People','3399 Peachtree Rd NE','','','Atlanta','GA','30326','404-346-4031','Kevin Blechman','','0','1','','8','','','john@dailydealsuperstore.com','john@dailydealsuperstore.com','Approved','8052',20,'fghfgh',NULL,NULL),(8073,'2013-08-01','PharmaCare US','5','PharmaCare US','5030 Camino de la Siesta St. 200','','','San Diego','CA','','858-997-1156 ex 502','Art Rowe-Cerveny','People','4000000','2-Color, fp','People','3399 Peachtree Rd NE','','','Atlanta','GA','30326','404-346-4031','Kevin Blechman','','0','1','','8','','','john@dailydealsuperstore.com','john@dailydealsuperstore.com','Approved','8052',21,'bnfghf',NULL,NULL),(8074,'2013-08-01','PharmaCare US','5','PharmaCare US','5030 Camino de la Siesta St. 200','','','San Diego','CA','','858-997-1156 ex 502','Art Rowe-Cerveny','People','4000000','2-Color, fp','People','3399 Peachtree Rd NE','','','Atlanta','GA','30326','404-346-4031','Kevin Blechman','','0','1','','8','','','john@dailydealsuperstore.com','john@dailydealsuperstore.com','Approved','8052',22,'fhfrtyrty',NULL,NULL),(8075,'2013-08-01','PharmaCare US','5','PharmaCare US','5030 Camino de la Siesta St. 200','','','San Diego','CA','','858-997-1156 ex 502','Art Rowe-Cerveny','People','4000000','2-Color, fp','People','3399 Peachtree Rd NE','','','Atlanta','GA','30326','404-346-4031','Kevin Blechman','','0','1','','8','','','john@dailydealsuperstore.com','john@dailydealsuperstore.com','Approved','8052',23,'drgdtdfg',NULL,NULL),(8076,'2013-08-01','PharmaCare US','5','PharmaCare US','5030 Camino de la Siesta St. 200','','','San Diego','CA','','858-997-1156 ex 502','Art Rowe-Cerveny','People','4000000','2-Color, fp','People','3399 Peachtree Rd NE','','','Atlanta','GA','30326','404-346-4031','Kevin Blechman','','0','1','','8','','','john@dailydealsuperstore.com','john@dailydealsuperstore.com','Approved','8052',24,'jghjghj',NULL,NULL),(8077,'2013-07-30','La Manga Consuting','14','La Manga Consuting','Hacienda Dos Mares','Gran Via','','Murcia','CA','30380','649 999 264','','People Magazine','','2-Color, ','People Magazine','','','','','AL','','','','','0','1','','12','','','John@dailydealsuperstore.com','jim@imaginethenow.com','Denied','8028',1,'ghjfghjfg',NULL,NULL),(8078,'2013-07-30','PharmaCare US','5','PharmaCare US','5030 Camino de la Siesta St. 200','','','San Diego','CA','','858-997-1156 ex 502','','Media People Inc.','','','Media People Inc.','122 East 42nd St, Ste. 725','','','New York','NY','10168','212-779-7172 ext. 223','','','0','1','','6','','','john@dailydealsuperstore.com','john@dailydealsuperstore.com','Approved','8024',1,'hdgdfgh dfgh d',NULL,NULL),(8079,'2013-07-30','PharmaCare US','5','PharmaCare US','5030 Camino de la Siesta St. 200','','','San Diego','CA','','858-997-1156 ex 502','','Media People Inc.','','','Media People Inc.','122 East 42nd St, Ste. 725','','','New York','NY','10168','212-779-7172 ext. 223','','','0','1','','6','','','john@dailydealsuperstore.com','john@dailydealsuperstore.com','Approved','8024',2,'fgdh dfgh dfgh',NULL,NULL),(8080,'2013-07-30','PharmaCare US','5','PharmaCare US','5030 Camino de la Siesta St. 200','','','San Diego','CA','','858-997-1156 ex 502','','Media People Inc.','','','Media People Inc.','122 East 42nd St, Ste. 725','','','New York','NY','10168','212-779-7172 ext. 223','','','0','1','','6','','','john@dailydealsuperstore.com','john@dailydealsuperstore.com','Approved','8024',3,'hg drg hdfgh dg',NULL,NULL),(8081,'2013-07-30','PharmaCare US','5','PharmaCare US','5030 Camino de la Siesta St. 200','','','San Diego','CA','','858-997-1156 ex 502','','Media People Inc.','','','Media People Inc.','122 East 42nd St, Ste. 725','','','New York','NY','10168','212-779-7172 ext. 223','','','0','1','','6','','','john@dailydealsuperstore.com','john@dailydealsuperstore.com','Approved','8024',4,'cvbxbdf gh',NULL,NULL),(8082,'2013-08-02','La Manga Consuting','14','La Manga Consuting','Hacienda Dos Mares','Gran Via','La Manga Del Mar Menor','Murcia','CA','30380','649 999 264','Jim','Media People Inc.','1000000','','Media People Inc.','122 East 42nd St, Ste. 725','','','New York','NY','10168','212-779-7172 ext. 223','Warren Berger','Mark','10','17','','6','','','john@dailydealsuperstore.com','jim@imaginethenow.com','Approved','',0,'',NULL,NULL),(8083,'2013-08-02','La Manga Consuting','14','La Manga Consuting','Hacienda Dos Mares','Gran Via','La Manga Del Mar Menor','Murcia','CA','30380','649 999 264','Jim','Media People Inc.','1000000','','Media People Inc.','122 East 42nd St, Ste. 725','','','New York','NY','10168','212-779-7172 ext. 223','Warren Berger','Mark','10','17','','6','','','john@dailydealsuperstore.com','jim@imaginethenow.com','Approved','8082',1,'Change of Publisher Address',NULL,NULL),(8084,'2013-08-02','La Manga Consuting','14','La Manga Consuting','Hacienda Dos Mares','Gran Via','La Manga Del Mar Menor','Murcia','CA','30380','649 999 264','Jim','Media People Inc.','1000000','','Media People Inc.','122 East 42nd St, Ste. 725','Address Change 1','Address Change 2','New York','NY','10168','212-779-7172 ext. 223','Warren Berger','Mark','10','17','','6','','','john@dailydealsuperstore.com','jim@imaginethenow.com','Approved','8082',2,'Address change 2',NULL,NULL),(8085,'2013-08-02','La Manga Consuting','14','La Manga Consuting','Hacienda Dos Mares','Gran Via','','Murcia','CA','30380','649 999 264','Jim','Media People Inc.','','2-Color, ','Media People Inc.','122 East 42nd St, Ste. 725','','Monday','New York','NY','10168','212-779-7172 ext. 223','Warren Berger','Paul','12.5','17','','6','','','john@dailydealsuperstore.com','jim@imaginethenow.com','Approved','',0,'',NULL,NULL),(8086,'2013-08-02','La Manga Consuting','14','La Manga Consuting','Hacienda Dos Mares','Gran Via','','Murcia','CA','30380','649 999 264','Jim','Media People Inc.','','2-Color, ','Media People Inc.','122 East 42nd St, Ste. 725','','Monday','New York','NY','10168','212-779-7172 ext. 223','Warren Berger','Paul','12.5','3','','6','','','john@dailydealsuperstore.com','jim@imaginethenow.com','Approved','8085',1,'price was wrong',NULL,NULL),(8087,'2013-08-02','Specialty Retailers, Inc','11','Specialty Retailers, Inc','10201 Main Street','','','Houston','TX','77025','713 669 2831','Aimee Watts','Popular Mechanics','','4-Color,Non-Bleed,1/2 Page,Marketplace','Popular Mechanics','300 West 57th St','','','New York','NY','10019','212-649-4204','Brad Gettlefinger','18','10','1','','10','','','john@dailydealsuperstore.com','john@dailydealsuperstore.com','Approved','',0,'',NULL,NULL),(8088,'2013-08-02','PharmaCare US','5','PharmaCare US','5030 Camino de la Siesta St. 200','','','San Diego','CA','','858-997-1156 ex 502','Art Rowe-Cerveny','People','400000','4-Color,Bleed,Spread (2 page),RoB','People','3399 Peachtree Rd NE','','','Atlanta','GA','30326','404-346-4031','Kevin Blechman','','','3','','8','','','john@dailydealsuperstore.com','john@dailydealsuperstore.com','Approved','',0,'',NULL,NULL),(8089,'2013-08-02','PharmaCare US','5','PharmaCare US','5030 Camino de la Siesta St. 200','','','San Diego','CA','','858-997-1156 ex 502','Art Rowe-Cerveny','People','400000','4-Color,Bleed,FP,RoB','People','3399 Peachtree Rd NE','','','Atlanta','GA','30326','404-346-4031','Kevin Blechman','','','3','','8','','','john@dailydealsuperstore.com','john@dailydealsuperstore.com','Approved','',0,'',NULL,NULL),(8090,'2013-08-03','Simoniz USA','9','Simoniz USA','201 Boston Turnpike','','','Bolton','CT','06043','800-227-5536','William Gorra','Media People Inc.','','2-Color,Bleed,Spread (2 page),Classified Ad','Media People Inc.','122 East 42nd St, Ste. 725','','','New York','NY','10168','212-779-7172 ext. 223','Warren Berger','18','50','3','','6','','','john@dailydealsuperstore.com','john@dailydealsuperstore.com','Approved','',0,'',NULL,NULL),(8091,'2013-08-03','Simoniz USA','9','Simoniz USA','201 Boston Turnpike','','','Bolton','CT','06043','800-227-5536','William Gorra','Media People Inc.','','2-Color,Bleed,Spread (2 page),Classified Ad','Media People Inc.','122 East 42nd St, Ste. 725','','','New York','NY','10168','212-779-7172 ext. 223','Warren Berger','16','50','3','','6','','','john@dailydealsuperstore.com','john@dailydealsuperstore.com','Approved','',0,'',NULL,NULL),(8092,'2013-08-06','La Manga Consuting','14','La Manga Consuting','Hacienda Dos Mares','Gran Via','','Murcia','CA','30380','649 999 264','Jim','Media People Inc.','','4-Color,Non-Bleed,FP,Marketplace','Media People Inc.','122 East 42nd St, Ste. 725','','','New York','NY','10168','212-779-7172 ext. 223','Warren Berger','18','25','17','','6','','','jim@imaginesportsclub.com','jim@imaginethenow.com','Approved','',0,'',NULL,NULL),(8093,'2013-08-05','La Manga Consuting','14','La Manga Consuting','Hacienda Dos Mares','Gran Via','','Murcia','CA','30380','649 999 264','Jim','Media People Inc.','550,000','2-Color,Bleed,Spread (2 page),Classified Ad','Media People Inc.','122 East 42nd St, Ste. 725','','','New York','NY','10168','212-779-7172 ext. 223','Warren Berger','1','10','17','','6','','','jim_30380@hotmail.co.uk','jim@imaginethenow.com','Pending','',0,'',NULL,NULL),(8094,'2013-08-05','La Manga Consuting','14','La Manga Consuting','Hacienda Dos Mares','Gran Via','','Murcia','CA','30380','649 999 264','Jim','Media People Inc.','450,000','2-Color,Bleed,Spread (2 page),Classified Ad','Media People Inc.','122 East 42nd St, Ste. 725','','','New York','NY','10168','212-779-7172 ext. 223','Warren Berger','18','25','17','','6','','','jim_30380@hotmail.co.uk','jim@imaginethenow.com','Approved','',0,'',NULL,NULL),(8095,'2013-08-05','test client','15','test client','','','','','CA','','123 456 789','Jim','Media People Inc.','450,000','2-Color,Bleed,Spread (2 page),Classified Ad','Media People Inc.','122 East 42nd St, Ste. 725','','','New York','NY','10168','212-779-7172 ext. 223','Warren Berger','17','10','18','','6','','','jim@imaginegolfclub.com','tc@imagine.com','Approved','',0,'',NULL,NULL),(8096,'2013-08-05','PharmaCare US','5','PharmaCare US','5030 Camino de la Siesta St. 200','','','San Diego','CA','','858-997-1156 ex 502','Art Rowe-Cerveny','People','400000','4-Color,Bleed,FP,RoB','People','3399 Peachtree Rd NE','','','Atlanta','GA','30326','404-346-4031','Kevin Blechman','','','3','','8','','','john@dailydealsuperstore.com','john@dailydealsuperstore.com','Approved','',0,'',NULL,NULL),(8097,'2013-08-05','PharmaCare US','5','PharmaCare US','5030 Camino de la Siesta St. 200','','','San Diego','CA','','858-997-1156 ex 502','Art Rowe-Cerveny','People','400000','4-Color,Non-Bleed,FP,Classified Ad','People','3399 Peachtree Rd NE','','','Atlanta','GA','30326','404-346-4031','Kevin Blechman','','','3','','8','','','john@dailydealsuperstore.com','john@dailydealsuperstore.com','Approved','',0,'',NULL,NULL),(8098,'2013-08-05','PharmaCare US','5','PharmaCare US','5030 Camino de la Siesta St. 200','','','San Diego','CA','','858-997-1156 ex 502','Art Rowe-Cerveny','People','400000','4-Color,Non-Bleed,FP,Classified Ad','People','3399 Peachtree Rd NE','','','Atlanta','GA','30326','404-346-4031','Kevin Blechman','','','3','','8','','','john@dailydealsuperstore.com','john@dailydealsuperstore.com','Approved','',0,'',NULL,NULL),(8099,'2013-08-05','PharmaCare US','5','PharmaCare US','5030 Camino de la Siesta St. 200','','','San Diego','CA','','858-997-1156 ex 502','Art Rowe-Cerveny','People','400000','4-Color,Non-Bleed,FP,Classified Ad','People','3399 Peachtree Rd NE','','','Atlanta','GA','30326','404-346-4031','Kevin Blechman','16','50','3','','8','','','john@dailydealsuperstore.com','john@dailydealsuperstore.com','Approved','',0,'',NULL,NULL),(8100,'2013-08-05','PharmaCare US','5','PharmaCare US','5030 Camino de la Siesta St. 200','','','San Diego','CA','','858-997-1156 ex 502','Art Rowe-Cerveny','People','400000','4-Color,Non-Bleed,FP,Classified Ad','People','3399 Peachtree Rd NE','','','Atlanta','GA','30326','404-346-4031','Kevin Blechman','16','50','3','','8','','','john@dailydealsuperstore.com','john@dailydealsuperstore.com','Approved','8099',1,'i am a very poor sales person',NULL,NULL),(8101,'2013-08-05','PharmaCare US','5','PharmaCare US','5030 Camino de la Siesta St. 200','','','San Diego','CA','','858-997-1156 ex 502','Art Rowe-Cerveny','Media People Inc.','450,000','2-Color,Bleed,Spread (2 page),Classified Ad','Media People Inc.','122 East 42nd St, Ste. 725','','','New York','NY','10168','212-779-7172 ext. 223','Warren Berger','','','3','','6','','','john@dailydealsuperstore.com','john@dailydealsuperstore.com','Pending','',0,'',NULL,NULL),(8102,'2013-08-09','Simoniz USA','9','Simoniz USA','201 Boston Turnpike','','','Bolton','CT','06043','800-227-5536','William Gorra','People','400000','2-Color,Bleed,Spread (2 page),Classified Ad','People','3399 Peachtree Rd NE','','','Atlanta','GA','30326','404-346-4031','Kevin Blechman','','','3','','8','','','john@dailydealsuperstore.com','john@dailydealsuperstore.com','Approved','',0,'',NULL,NULL),(8103,'2013-08-13','Simoniz USA','9','Simoniz USA','201 Boston Turnpike','','','Bolton','CT','06043','800-227-5536','William Gorra','People','400000','4-Color,Bleed,FP,RoB','People','3399 Peachtree Rd NE','','','Atlanta','GA','30326','404-346-4031','Kevin Blechman','','','3','','8','','','john@dailydealsuperstore.com','john@dailydealsuperstore.com','Approved','',0,'','',''),(8104,'2013-08-13','PharmaCare US','5','PharmaCare US','5030 Camino de la Siesta St. 200','','','San Diego','CA','','858-997-1156 ex 502','Art Rowe-Cerveny','People','400000','4-Color,Bleed,FP,RoB','People','3399 Peachtree Rd NE','','','Atlanta','GA','30326','404-346-4031','Kevin Blechman','','','3','','8','','','john@dailydealsuperstore.com','john@dailydealsuperstore.com','Approved','',0,'','',''),(8105,'2013-08-13','PharmaCare US','5','PharmaCare US','5030 Camino de la Siesta St. 200','','','San Diego','CA','','858-997-1156 ex 502','Art Rowe-Cerveny','People','400000','4-Color,Bleed,FP,RoB','People','3399 Peachtree Rd NE','','','Atlanta','GA','30326','404-346-4031','Kevin Blechman','','0','3','','8','','','john@dailydealsuperstore.com','john@dailydealsuperstore.com','Approved','8104',1,'i want more money','',''),(8106,'2013-08-13','PharmaCare US','5','PharmaCare US','5030 Camino de la Siesta St. 200','','','San Diego','CA','','858-997-1156 ex 502','Art Rowe-Cerveny','People','400000','2-Color,Bleed,Spread (2 page),Classified Ad','People','3399 Peachtree Rd NE','','','Atlanta','GA','30326','404-346-4031','Kevin Blechman','','','3','','8','','','john@dailydealsuperstore.com','john@dailydealsuperstore.com','Approved','',0,'','',''),(8107,'2013-08-13','Simoniz USA','9','Simoniz USA','201 Boston Turnpike','','','Bolton','CT','06043','800-227-5536','William Gorra','People','400000','2-Color,Bleed,Spread (2 page),Classified Ad','People','3399 Peachtree Rd NE','','','Atlanta','GA','30326','404-346-4031','Kevin Blechman','','','3','','8','','','john@dailydealsuperstore.com','john@dailydealsuperstore.com','Approved','8106',1,'wrong name','',''),(8108,'2013-08-13','PharmaCare US','5','PharmaCare US','5030 Camino de la Siesta St. 200','','','San Diego','CA','','858-997-1156 ex 502','Art Rowe-Cerveny','People','400000','4-Color,Bleed,FP,Classified Ad','People','3399 Peachtree Rd NE','','','Atlanta','GA','30326','404-346-4031','Kevin Blechman','','','3','','8','','','john@dailydealsuperstore.com','john@dailydealsuperstore.com','Approved','',0,'','',''),(8109,'2013-08-13','Simoniz USA','9','Simoniz USA','201 Boston Turnpike','','','Bolton','CT','06043','800-227-5536','William Gorra','People','400000','4-Color,Bleed,FP,Classified Ad','People','3399 Peachtree Rd NE','','','Atlanta','GA','30326','404-346-4031','Kevin Blechman','','','3','','8','','','john@dailydealsuperstore.com','john@dailydealsuperstore.com','Approved','8108',1,'wrong name','',''),(8110,'2013-08-13','Harlequin HQN/BIG SKY WEDDING by Linda Lael Miller','16','Harlequin','225 Duncan Mill Road','','','Don Mills','AL','M3B 3K9','416-445-5860','Katharine Fournier','Cosmopolitan ','3,000,000','4-Color,Bleed,1/3 Page,RoB','Cosmopolitan ','300 West 57th Street','','','New York','NY','10019','212-649-2932','Dawn Franco','','0','19','','14','','','dfranco@hearst.com','Katharine_Fournier@harlequin.ca','Approved','',0,'','United States','Canada'),(8111,'2013-08-14','Simoniz USA','9','Simoniz USA','201 Boston Turnpike','','','Bolton','CT','06043','800-227-5536','William Gorra','People','400000','2-Color,Bleed,Spread (2 page),Classified Ad','People','3399 Peachtree Rd NE','','','Atlanta','GA','30326','404-346-4031','Kevin Blechman','','','3','','8','','','john@dailydealsuperstore.com','john@dailydealsuperstore.com','Approved','',0,'','',''),(8112,'2013-08-14','Simoniz USA','9','Simoniz USA','201 Boston Turnpike','','','Bolton','CT','06043','800-227-5536','William Gorra','People','400000','2-Color,Bleed,Spread (2 page),Classified Ad','People','3399 Peachtree Rd NE','','','Atlanta','GA','30326','404-346-4031','Kevin Blechman','','','3','','8','','','john@dailydealsuperstore.com','john@dailydealsuperstore.com','Approved','',0,'','',''),(8113,'2013-08-14','Gymboree Play & Music','18','Gymboree Play & Music','500 Howard Street','','','San Francisco','CA','94105','415-278-7503','Danielle Borenstein','People','400000','2-Color,Bleed,Spread (2 page),Classified Ad','People','3399 Peachtree Rd NE','','','Atlanta','GA','30326','404-346-4031','Kevin Blechman','','0','3','','8','','','john@dailydealsuperstore.com','Danielle_Borenstein@gymboree.com','Approved','8112',1,'Wrong customer','','United States'),(8114,'2013-08-14','Gymboree Play & Music','18','Gymboree Play & Music','500 Howard Street','','','San Francisco','CA','94105','415-278-7503','Danielle Borenstein','People','400000','2-Color,Bleed,Spread (2 page),Classified Ad','People','3399 Peachtree Rd NE','','','Atlanta','GA','30326','404-346-4031','Kevin Blechman','','0','3','','8','','','john@dailydealsuperstore.com','Danielle_Borenstein@gymboree.com','Pending','',0,'','','United States'),(8115,'2013-08-15','Tria Beauty','17','Tria Beauty','4160 Dublin Boulevard','Suite 200','','Dublin','CA','94568','925-452-2658','Lauren Henderson','More','1,300,000','4-Color,Bleed,FP,Classified Ad','More','805 Third Avenue','6th Floor','','New York','NY','10022','212-499-6791','Ashley O\'Brien','','0','21','','18','','','Ashley.O\'Brien@meredith.com','lauren@triabeauty.com','Pending','',0,'','United States','United States'),(8116,'2013-08-15','Tria Beauty','17','Tria Beauty','4160 Dublin Boulevard','Suite 200','','Dublin','CA','94568','925-452-2658','Lauren Henderson','Glamour','2,250,000','4-Color,Bleed,FP,Classified Ad','Glamour','','','','','AL','','914-468-8488','Jaclyn Sabol','','0','21','','19','','','jsabol@mediamaxnetwork.com','lauren@triabeauty.com','Approved','',0,'','United States','United States'),(8117,'2013-08-15','Tria Beauty','17','Tria Beauty','4160 Dublin Boulevard','Suite 200','','Dublin','CA','94568','925-452-2658','Lauren Henderson','Health','1,350,000','4-Color,Bleed,FP,Classified Ad','Health','','','','','AL','','845-265-4385','Mary Smyth','','0','21','','20','','','marysmythmedia@gmail.com','lauren@triabeauty.com','Approved','',0,'','United States','United States'),(8118,'2013-08-15','Tria Beauty','17','Tria Beauty','4160 Dublin Boulevard','Suite 200','','Dublin','CA','94568','925-452-2658','Lauren Henderson','Shape','1,600,000','4-Color,Bleed,FP,Classified Ad','Shape','4 New York Plaza','2nd Floor','','New York','NY','10004','646-521-2820','Stephanie Larosiliere','','0','21','','21','','','slarosiliere@amilink.com','lauren@triabeauty.com','Pending','',0,'','United States','United States'),(8119,'2013-08-15','Tria Beauty','17','Tria Beauty','4160 Dublin Boulevard','Suite 200','','Dublin','CA','94568','925-452-2658','Lauren Henderson','Cosmopolitan ','3,000,000','4-Color,Bleed,FP,Classified Ad','Cosmopolitan ','300 West 57th Street','','','New York','NY','10019','212-649-2932','Dawn Franco','','0','21','','14','','','dfranco@hearst.com','lauren@triabeauty.com','Approved','',0,'','United States','United States'),(8120,'2013-08-15','American Beverage Corporation','20','American Beverage Corporation','1 Daily Way','','','Verona','PA','15147','412-828-9020','Lisa Coker','Life & Style','350,000','4-Color,Bleed,FP,Classified Ad','Life & Style','','','','','AL','','212-994-4181','Whitney Man','','0','21','','25','','','wman@bauermediaus.com','l.coker@ambev.com','Pending','',0,'','United States','United States'),(8121,'2013-08-15','Sundial','21','Sundial','11 Ranick Drive South','','','Amityville','NY','11701','631-842-8800','Christine Keihm','Allure','1,100,000','4-Color,Bleed,FP,Classified Ad','Allure','','','','','AL','','914-468-8488','Jaclyn Sabol','','0','20','','22','','','jsabol@mediamaxnetwork.com','ckeihm@sundialbrands.com','Approved','',0,'','United States','United States'),(8122,'2013-08-15','Gymboree Play & Music','18','Gymboree Play & Music','500 Howard Street','','','San Francisco','CA','94105','415-278-7503','Danielle Borenstein','People','400000','4-Color,Bleed,Spread (2 page),Classified Ad','People','3399 Peachtree Rd NE','','','Atlanta','GA','30326','404-346-4031','Kevin Blechman','','0','3','','8','','','john@dailydealsuperstore.com','Danielle_Borenstein@gymboree.com','Approved','',0,'','','United States'),(8123,'2013-08-15','PharmaCare US','5','PharmaCare US','5030 Camino de la Siesta St. 200','','','San Diego','CA','','858-997-1156 ex 502','Art Rowe-Cerveny','People','400000','4-Color,Bleed,Spread (2 page),Classified Ad','People','3399 Peachtree Rd NE','','','Atlanta','GA','30326','404-346-4031','Kevin Blechman','','','3','','8','','','john@dailydealsuperstore.com','john@dailydealsuperstore.com','Approved','8122',1,'wrong client','',''),(8124,'2013-08-16','Gymboree Play & Music','18','Gymboree Play & Music','500 Howard Street','','','San Francisco','CA','94105','415-278-7503','Danielle Borenstein','People','400000','2-Color,Bleed,Spread (2 page),Classified Ad','People','3399 Peachtree Rd NE','','','Atlanta','GA','30326','404-346-4031','Kevin Blechman','','0','3','','8','','','john@dailydealsuperstore.com','Danielle_Borenstein@gymboree.com','Approved','',0,'','','United States'),(8125,'2013-08-16','PharmaCare US','5','PharmaCare US','5030 Camino de la Siesta St. 200','','','San Diego','CA','','858-997-1156 ex 502','Art Rowe-Cerveny','People','400000','2-Color,Bleed,Spread (2 page),Classified Ad','People','3399 Peachtree Rd NE','','','Atlanta','GA','30326','404-346-4031','Kevin Blechman','','','3','','8','','','john@dailydealsuperstore.com','john@dailydealsuperstore.com','Approved','8124',1,'I got the anme wrong','',''),(8126,'2013-08-02','Specialty Retailers, Inc','11','Specialty Retailers, Inc','10201 Main Street','','','Houston','TX','77025','713 669 2831','Aimee Watts','Popular Mechanics','','4-Color,Non-Bleed,1/2 Page,Marketplace','Popular Mechanics','300 West 57th St','','','New York','NY','10019','212-649-4204','Brad Gettlefinger','18','10','1','','10','','','john@dailydealsuperstore.com','john@dailydealsuperstore.com','Provisional','8087',1,'dfgdsfgsd','',''),(8127,'2013-08-16','Simoniz USA','9','Simoniz USA','201 Boston Turnpike','','','Bolton','CT','06043','800-227-5536','William Gorra','People','400000','2-Color,Bleed,Spread (2 page),Classified Ad','People','3399 Peachtree Rd NE','','','Atlanta','GA','30326','404-346-4031','Kevin Blechman','','','3','','8','','','john@dailydealsuperstore.com','john@dailydealsuperstore.com','Provisional','8124',2,'2nd name wrong on IO','',''),(8128,'2013-08-23','Gymboree Play & Music','18','Gymboree Play & Music','500 Howard Street','','','San Francisco','CA','94105','415-278-7503','Danielle Borenstein','People','400000','2-Color,Bleed,Spread (2 page),Classified Ad','People','3399 Peachtree Rd NE','','','Atlanta','GA','30326','404-346-4031','Kevin Blechman','','0','3','','8','','','john@dailydealsuperstore.com','Danielle_Borenstein@gymboree.com','Provisional','',0,'','','United States'),(8129,'2013-08-23','Gymboree Play & Music','18','Gymboree Play & Music','500 Howard Street','','','San Francisco','CA','94105','415-278-7503','Danielle Borenstein','People','400000','2-Color,Bleed,Spread (2 page),Classified Ad','People','3399 Peachtree Rd NE','','','Atlanta','GA','30326','404-346-4031','Kevin Blechman','16','50','3','','8','','','john@dailydealsuperstore.com','Danielle_Borenstein@gymboree.com','Provisional','',0,'','','United States'),(8130,'2013-08-23','Gymboree Play & Music','18','Gymboree Play & Music','500 Howard Street','','','San Francisco','CA','94105','415-278-7503','Danielle Borenstein','People','400000','2-Color,Bleed,Spread (2 page),Classified Ad','People','3399 Peachtree Rd NE','','','Atlanta','GA','30326','404-346-4031','Kevin Blechman','16','50','3','','8','','','john@dailydealsuperstore.com','Danielle_Borenstein@gymboree.com','Approved','8129',1,'moved from Provisional to Booking to ','','United States'),(8131,'2013-08-27','Gymboree Play & Music','18','Gymboree Play & Music','500 Howard Street','','','San Francisco','CA','94105','415-278-7503','Danielle Borenstein','People','400000','4-Color,Bleed,FP,Classified Ad','People','3399 Peachtree Rd NE','','','Atlanta','GA','30326','404-346-4031','Kevin Blechman','','0','3','','8','','','john@dailydealsuperstore.com','Danielle_Borenstein@gymboree.com','Provisional','',0,'','','United States'),(8132,'2013-08-28','Gymboree Play & Music','18','Gymboree Play & Music','500 Howard Street','','','San Francisco','CA','94105','415-278-7503','Danielle Borenstein','People','400000','2-Color,Bleed,Spread (2 page),Classified Ad','People','3399 Peachtree Rd NE','','','Atlanta','GA','30326','404-346-4031','Kevin Blechman','','0','3','','8','','','john@dailydealsuperstore.com','Danielle_Borenstein@gymboree.com','Provisional','',0,'','','United States'),(8133,'2013-09-16','Gymboree Play & Music','18','Gymboree Play & Music','500 Howard Street','','','San Francisco','CA','94105','415-278-7503','Danielle Borenstein','People','400000','2-Color,Bleed,Spread (2 page),Classified Ad','People','3399 Peachtree Rd NE','','','Atlanta','GA','30326','404-346-4031','Kevin Blechman','','0','3','','8','','','john@dailydealsuperstore.com','Danielle_Borenstein@gymboree.com','Provisional','',0,'','','United States'),(8134,'2013-08-23','Gymboree Play & Music','18','Gymboree Play & Music','500 Howard Street','','','San Francisco','CA','94105','415-278-7503','Danielle Borenstein','People','400000','2-Color,Bleed,Spread (2 page),Classified Ad','People','3399 Peachtree Rd NE','','','Atlanta','GA','30326','404-346-4031','Kevin Blechman','16','50','3','','8','','','john@dailydealsuperstore.com','Danielle_Borenstein@gymboree.com','Provisional','8129',2,'Bad numbers','','United States'),(8135,'2013-09-17','Gymboree Play & Music','18','Gymboree Play & Music','500 Howard Street','','','San Francisco','CA','94105','415-278-7503','Danielle Borenstein','People','400000','4-Color,Bleed,FP,Classified Ad','People','3399 Peachtree Rd NE','','','Atlanta','GA','30326','404-346-4031','Kevin Blechman','','0','3','','8','','','john@dailydealsuperstore.com','Danielle_Borenstein@gymboree.com','Provisional','',0,'','','United States'),(8136,'2013-09-17','Gymboree Play & Music','18','Gymboree Play & Music','500 Howard Street','','','San Francisco','CA','94105','415-278-7503','Danielle Borenstein','People','400000','4-Color,Bleed,FP,Classified Ad','People','3399 Peachtree Rd NE','','','Atlanta','GA','30326','404-346-4031','Kevin Blechman','','0','3','','8','','','john@dailydealsuperstore.com','Danielle_Borenstein@gymboree.com','Provisional','8135',1,'Client agreed','','United States'),(8137,'2013-08-23','Gymboree Play & Music','18','Gymboree Play & Music','500 Howard Street','','','San Francisco','CA','94105','415-278-7503','Danielle Borenstein','People','400000','2-Color,Bleed,Spread (2 page),Classified Ad','People','3399 Peachtree Rd NE','','','Atlanta','GA','30326','404-346-4031','Kevin Blechman','16','50','3','','8','','','john@dailydealsuperstore.com','Danielle_Borenstein@gymboree.com','Provisional','8129',3,'Pricing was wrong','','United States'),(8138,'2013-09-18','Gymboree Play & Music','18','Gymboree Play & Music','500 Howard Street','','','San Francisco','CA','94105','415-278-7503','Danielle Borenstein','People','400000','2-Color,Bleed,Spread (2 page),Classified Ad','People','3399 Peachtree Rd NE','','','Atlanta','GA','30326','404-346-4031','Kevin Blechman','','0','3','','8','','','john@dailydealsuperstore.com','Danielle_Borenstein@gymboree.com','Provisional','',0,'','','United States'),(8139,'2013-08-23','Gymboree Play & Music','18','Gymboree Play & Music','500 Howard Street','','','San Francisco','CA','94105','415-278-7503','Danielle Borenstein','People','400000','2-Color,Bleed,Spread (2 page),Classified Ad','People','3399 Peachtree Rd NE','','','Atlanta','GA','30326','404-346-4031','Kevin Blechman','16','50','3','','8','','','john@dailydealsuperstore.com','Danielle_Borenstein@gymboree.com','Provisional','8129',4,'price incorrect','','United States'),(8140,'2013-09-19','Gymboree Play & Music','18','Gymboree Play & Music','500 Howard Street','','','San Francisco','CA','94105','415-278-7503','Danielle Borenstein','People','400000','4-Color,Bleed,Spread (2 page),Classified Ad','People','3399 Peachtree Rd NE','','','Atlanta','GA','30326','404-346-4031','Kevin Blechman','','0','3','','8','','','john@dailydealsuperstore.com','Danielle_Borenstein@gymboree.com','Provisional','',0,'','','United States'),(8141,'2013-09-19','Gymboree Play & Music','18','Gymboree Play & Music','500 Howard Street','','','San Francisco','CA','94105','415-278-7503','Danielle Borenstein','People','400000','4-Color,Bleed,Spread (2 page),Classified Ad','People','3399 Peachtree Rd NE','','','Atlanta','GA','30326','404-346-4031','Kevin Blechman','','0','3','','8','','','john@dailydealsuperstore.com','Danielle_Borenstein@gymboree.com','Approved','8140',1,'provisional','','United States'),(8142,'2013-09-19','Simoniz USA','9','Simoniz USA','201 Boston Turnpike','','','Bolton','CT','06043','800-227-5536','William Gorra','People','400000','2-Color,Bleed,Spread (2 page),Classified Ad','People','3399 Peachtree Rd NE','','','Atlanta','GA','30326','404-346-4031','Kevin Blechman','','','3','','8','','','john@dailydealsuperstore.com','john@dailydealsuperstore.com','Approved','',0,'','',''),(8143,'2013-09-19','Simoniz USA','9','Simoniz USA','201 Boston Turnpike','','','Bolton','CT','06043','800-227-5536','William Gorra','People','400000','2-Color,Bleed,Spread (2 page),Classified Ad','People','3399 Peachtree Rd NE','','','Atlanta','GA','30326','404-346-4031','Kevin Blechman','','0','3','','8','','','john@dailydealsuperstore.com','john@dailydealsuperstore.com','Approved','8142',1,'I messed up on price','',''),(8144,'2013-09-20','Simoniz USA','9','Simoniz USA','201 Boston Turnpike','','','Bolton','CT','06043','800-227-5536','William Gorra','People','400000','4-Color,Bleed,FP,Classified Ad','People','3399 Peachtree Rd NE','','','Atlanta','GA','30326','404-346-4031','Kevin Blechman','','','3','','8','','','john@dailydealsuperstore.com','john@dailydealsuperstore.com','Approved','',0,'','',''),(8145,'2013-09-20','Simoniz USA','9','Simoniz USA','201 Boston Turnpike','','','Bolton','CT','06043','800-227-5536','William Gorra','People','400000','4-Color,Bleed,FP,Classified Ad','People','3399 Peachtree Rd NE','','','Atlanta','GA','30326','404-346-4031','Kevin Blechman','','0','3','','8','','','john@dailydealsuperstore.com','john@dailydealsuperstore.com','Approved','8144',1,'sales price incorrect','',''),(8146,'2013-09-20','Simoniz USA','9','Simoniz USA','201 Boston Turnpike','','','Bolton','CT','06043','800-227-5536','William Gorra','People','400000','4-Color,Bleed,FP,Classified Ad','People','3399 Peachtree Rd NE','','','Atlanta','GA','30326','404-346-4031','Kevin Blechman','','','3','','8','','','john@dailydealsuperstore.com','john@dailydealsuperstore.com','Approved','',0,'','',''),(8147,'2013-09-20','Simoniz USA','9','Simoniz USA','201 Boston Turnpike','','','Bolton','CT','06043','800-227-5536','William Gorra','People','400000','4-Color,Bleed,FP,Classified Ad','People','3399 Peachtree Rd NE','','','Atlanta','GA','30326','404-346-4031','Kevin Blechman','','0','3','','8','','','john@dailydealsuperstore.com','john@dailydealsuperstore.com','Approved','8146',1,'price incorrect','',''),(8148,'2013-09-20','Simoniz USA','9','Simoniz USA','201 Boston Turnpike','','','Bolton','CT','06043','800-227-5536','William Gorra','People','400000','4-Color,Bleed,Spread (2 page),Classified Ad','People','3399 Peachtree Rd NE','','','Atlanta','GA','30326','404-346-4031','Kevin Blechman','','','3','','8','','','john@dailydealsuperstore.com','john@dailydealsuperstore.com','Approved','',0,'','',''),(8149,'2013-09-20','Simoniz USA','9','Simoniz USA','201 Boston Turnpike','','','Bolton','CT','06043','800-227-5536','William Gorra','People','400000','4-Color,Bleed,Spread (2 page),Classified Ad','People','3399 Peachtree Rd NE','','','Atlanta','GA','30326','404-346-4031','Kevin Blechman','','0','3','','8','','','john@dailydealsuperstore.com','john@dailydealsuperstore.com','Approved','8148',1,'i screwed up','',''),(8150,'2013-09-25','Simoniz USA','9','Simoniz USA','201 Boston Turnpike','','','Bolton','CT','06043','800-227-5536','William Gorra','People','400000','4-Color,Bleed,Spread (2 page),Classified Ad','People','3399 Peachtree Rd NE','','','Atlanta','GA','30326','404-346-4031','Kevin Blechman','','','3','','8','','','john@dailydealsuperstore.com','john@dailydealsuperstore.com','Approved','',0,'','',''),(8151,'2013-09-25','Simoniz USA','9','Simoniz USA','201 Boston Turnpike','','','Bolton','CT','06043','800-227-5536','William Gorra','People','400000','4-Color,Bleed,Spread (2 page),Classified Ad','People','3399 Peachtree Rd NE','','','Atlanta','GA','30326','404-346-4031','Kevin Blechman','','0','3','','8','','','john@dailydealsuperstore.com','john@dailydealsuperstore.com','Approved','8150',1,'i am dumb and got teh wrong price','',''),(8152,'2013-09-25','Simoniz USA','9','Simoniz USA','201 Boston Turnpike','','','Bolton','CT','06043','800-227-5536','William Gorra','People','400000','4-Color,Bleed,2/3 Page,Classified Ad','People','3399 Peachtree Rd NE','','','Atlanta','GA','30326','404-346-4031','Kevin Blechman','','','3','','8','','','john@dailydealsuperstore.com','john@dailydealsuperstore.com','Approved','',0,'','',''),(8153,'2013-09-25','Simoniz USA','9','Simoniz USA','201 Boston Turnpike','','','Bolton','CT','06043','800-227-5536','William Gorra','People','400000','4-Color,Bleed,2/3 Page,Classified Ad','People','3399 Peachtree Rd NE','','','Atlanta','GA','30326','404-346-4031','Kevin Blechman','','0','3','','8','','','john@dailydealsuperstore.com','john@dailydealsuperstore.com','Approved','8152',1,'pricing wrong','',''),(8154,'2013-09-27','Simoniz USA','9','Simoniz USA','201 Boston Turnpike','','','Bolton','CT','06043','800-227-5536','William Gorra','People','400000','2-Color,Bleed,Spread (2 page),Classified Ad','People','3399 Peachtree Rd NE','','','Atlanta','GA','30326','404-346-4031','Kevin Blechman','','0','3','','8','','','john@dailydealsuperstore.com','john@dailydealsuperstore.com','Provisional','',0,'','',''),(8155,'2013-09-25','Simoniz USA','9','Simoniz USA','201 Boston Turnpike','','','Bolton','CT','06043','800-227-5536','William Gorra','People','400000','4-Color,Bleed,2/3 Page,Classified Ad','People','3399 Peachtree Rd NE','','','Atlanta','GA','30326','404-346-4031','Kevin Blechman','','0','3','','8','','','john@dailydealsuperstore.com','john@dailydealsuperstore.com','Provisional','8152',2,'test','',''),(8156,'2013-10-09','Simoniz USA','9','Simoniz USA','201 Boston Turnpike','','','Bolton','CT','06043','800-227-5536','William Gorra','People','400000','2-Color,Bleed,Spread (2 page),Classified Ad','People','3399 Peachtree Rd NE','','','Atlanta','GA','30326','404-346-4031','Kevin Blechman','','','3','','8','','','john@dailydealsuperstore.com','john@dailydealsuperstore.com','Approved','',0,'','','');
/*!40000 ALTER TABLE `bookings` ENABLE KEYS */;
UNLOCK TABLES;

--
-- Table structure for table `clients`
--

DROP TABLE IF EXISTS `clients`;
/*!40101 SET @saved_cs_client     = @@character_set_client */;
/*!40101 SET character_set_client = utf8 */;
CREATE TABLE `clients` (
  `id` int(6) NOT NULL AUTO_INCREMENT,
  `company` varchar(255) NOT NULL,
  `email` varchar(255) NOT NULL,
  `primary_contact` varchar(255) NOT NULL,
  `name` longtext NOT NULL,
  `phone` longtext NOT NULL,
  `street1` longtext NOT NULL,
  `street2` longtext NOT NULL,
  `street3` longtext NOT NULL,
  `city` longtext NOT NULL,
  `state` longtext NOT NULL,
  `zip` longtext NOT NULL,
  `url` longtext NOT NULL,
  `user` varchar(255) DEFAULT NULL,
  `split_percent` varchar(255) DEFAULT NULL,
  `split_agreement` varchar(255) DEFAULT NULL,
  `country` varchar(255) DEFAULT NULL,
  PRIMARY KEY (`id`)
) ENGINE=InnoDB AUTO_INCREMENT=22 DEFAULT CHARSET=latin1;
/*!40101 SET character_set_client = @saved_cs_client */;

--
-- Dumping data for table `clients`
--

LOCK TABLES `clients` WRITE;
/*!40000 ALTER TABLE `clients` DISABLE KEYS */;
INSERT INTO `clients` VALUES (1,'Test Company','testco@dailydealsuperstore.com','Brandon Swift','','4046614180','123 Main St','Apt 3','','Atlanta','GA','30033','http://www.dailydealsuperstore.com',NULL,'20','3',NULL),(2,'Test Company 2','testco2@dailydealsuperstore.com','','','4046614180','1233 Main St','Apt 5','','Atlanta','GA','30033','',NULL,NULL,NULL,NULL),(4,'Fisker Automotive','john@dailydealsuperstore.com','Paul Imhoff','','71488-4255','5515 E. Palma ','','','Anaheim','CA','92807','',NULL,NULL,NULL,NULL),(5,'PharmaCare US','john@dailydealsuperstore.com','Art Rowe-Cerveny','','858-997-1156 ex 502','5030 Camino de la Siesta St. 200','','','San Diego','CA','','',NULL,NULL,NULL,NULL),(6,'American Massage Therapy Association','john@dailydealsuperstore.com','Ron Precht','','847-9051649','500 Davis St, St 900','','','Evanston','IL','','',NULL,NULL,NULL,NULL),(7,'PharmaCare Canada','john@dailydealsuperstore.com','Jamie Hanna','','905-257-5162','109 Thomas St','','','Oakville','ON','L6 J7R4','',NULL,NULL,NULL,NULL),(8,'Homestead International Group','john@dailydealsuperstore.com','Toni Raven','','646-839-7356','1359 Broadway','','','New York','NY','10018','',NULL,NULL,NULL,NULL),(9,'Simoniz USA','john@dailydealsuperstore.com','William Gorra','','800-227-5536','201 Boston Turnpike','','','Bolton','CT','06043','',NULL,NULL,NULL,NULL),(10,'William Mitchell College of Law','john@dailydealsuperstore.com','Louise Copeland','','651-290-6439','875 Summit Avenue','','','Saint Paul','MN','55105','',NULL,NULL,NULL,NULL),(11,'Specialty Retailers, Inc','john@dailydealsuperstore.com','Aimee Watts','','713 669 2831','10201 Main Street','','','Houston','TX','77025','',NULL,NULL,NULL,NULL),(12,'Media Broker Test Company','','Test Guy','','123-456-7890','123 Main St','','','Atlanta','GA','30033','http://www.dailydealsuperstore.com',NULL,NULL,NULL,NULL),(13,'Media Broker Test 2','','Bill','','','18 ivy ridge','','','atlanta','GA','30342','','16','20','John',NULL),(14,'La Manga Consuting','jim@imaginethenow.com','Jim','','649 999 264','Hacienda Dos Mares','Gran Via','','Murcia','CA','30380','www.imaginegolfclub.com','17','25','18',NULL),(15,'test client','tc@imagine.com','Jim','','123 456 789','','','','','CA','','','18','10','17',NULL),(16,'Harlequin','Katharine_Fournier@harlequin.ca','Katharine Fournier','','416-445-5860','225 Duncan Mill Road','','','Don Mills','AL','M3B 3K9','http://www.harlequin.com/','19','0','','Canada'),(17,'Tria Beauty','lauren@triabeauty.com','Lauren Henderson','','925-452-2658','4160 Dublin Boulevard','Suite 200','','Dublin','CA','94568','http://www.triabeauty.com/','21','0','','United States'),(18,'Gymboree Play & Music','Danielle_Borenstein@gymboree.com','Danielle Borenstein','','415-278-7503','500 Howard Street','','','San Francisco','CA','94105','http://www.gymboreeclasses.com','21','0','','United States'),(19,'Gymboree','Beth_Gumm@gymboree.com','Beth Gumm','','415-278-7503','500 Howard Street','','','San Francisco','CA','94105','http://www.gymboree.com','21','0','','United States'),(20,'American Beverage Corporation','l.coker@ambev.com','Lisa Coker','','412-828-9020','1 Daily Way','','','Verona','PA','15147','','21','0','','United States'),(21,'Sundial','ckeihm@sundialbrands.com','Christine Keihm','','631-842-8800','11 Ranick Drive South','','','Amityville','NY','11701','','20','0','','United States');
/*!40000 ALTER TABLE `clients` ENABLE KEYS */;
UNLOCK TABLES;

--
-- Table structure for table `line_items`
--

DROP TABLE IF EXISTS `line_items`;
/*!40101 SET @saved_cs_client     = @@character_set_client */;
/*!40101 SET character_set_client = utf8 */;
CREATE TABLE `line_items` (
  `id` int(6) NOT NULL AUTO_INCREMENT,
  `issue_cover` varchar(255) NOT NULL,
  `on_sale` varchar(255) NOT NULL,
  `space_close` varchar(255) NOT NULL,
  `materials_due` varchar(255) NOT NULL,
  `rate_card` varchar(255) NOT NULL,
  `payment_due` varchar(255) NOT NULL,
  `payment_amount` varchar(255) NOT NULL,
  `mbi_rate` varchar(255) NOT NULL,
  `order_id` varchar(255) DEFAULT NULL,
  `sales_rep` varchar(255) DEFAULT NULL,
  `total_charge` varchar(255) DEFAULT NULL,
  `total_commission` varchar(255) DEFAULT NULL,
  `mbi_commission` varchar(255) DEFAULT NULL,
  `base_commission` varchar(255) DEFAULT NULL,
  `sales_bonus` varchar(255) DEFAULT NULL,
  `sales_commission` varchar(255) DEFAULT NULL,
  `reason` text,
  `markup` varchar(255) DEFAULT NULL,
  PRIMARY KEY (`id`)
) ENGINE=InnoDB AUTO_INCREMENT=231 DEFAULT CHARSET=latin1;
/*!40101 SET character_set_client = @saved_cs_client */;

--
-- Dumping data for table `line_items`
--

LOCK TABLES `line_items` WRITE;
/*!40000 ALTER TABLE `line_items` DISABLE KEYS */;
INSERT INTO `line_items` VALUES (1,'October 2013','08/18/2013','08/07/2013','08/12/2013','','','13,750','11,000','1','1',NULL,NULL,NULL,NULL,NULL,NULL,NULL,NULL),(2,'January 2014','01/01/2014','11/20/2013','12/01/2013','','12/31/2013','3000','2000','2','1',NULL,NULL,NULL,NULL,NULL,NULL,NULL,NULL),(3,'November 2013','08/30/2013','08/07/2013','07/31/2013','','07/30/2013','12500.00','10000.00','3','1',NULL,NULL,NULL,NULL,NULL,NULL,NULL,NULL),(4,'Test','07/17/2013','07/31/2013','07/31/2013','','07/31/2013','131578.95','100000.00','8007','1',NULL,NULL,NULL,NULL,NULL,NULL,NULL,NULL),(5,'January 2014','01/01/2014','12/31/2013','12/25/2013','','07/31/2013','131578.95','100000.00','8008','1','131580.00','31580.00','13004.00','15790.00','1393.00','17183.00',NULL,NULL),(6,'February 2014','01/01/2014','12/05/2013','11/14/2013','','07/31/2013','131578.95','100000.00','8008','1','131580.00','31580.00','13004.00','15790.00','1393.00','17183.00',NULL,NULL),(7,'January 2014','2014-01-01','2013-12-03','2013-12-25','20,000','2013-12-01','10526.32','8000.00','8009','1','10530.00','2530.00','1041.00','1265.00','112.00','1377.00',NULL,NULL),(8,'July Campaign','2013-08-22','2013-08-11','2013-08-14','200000','2013-08-18','131578.95','100000.00','8011','3','131580.00',NULL,'13004.00','15790.00','1393.00','17183.00',NULL,NULL),(9,'ddh','2013-07-30','2013-07-30','2013-07-22','ddfg','2013-07-14','131578.95','100000.00','8012','1','131580.00',NULL,'13004.00','15790.00','1393.00','17183.00',NULL,NULL),(10,'dfgdfg','2013-07-23','2013-07-15','2013-07-09','','2013-07-17','641.03','500.00','8013','1','640.00','140.00','60.00','70.00','5.00','75.00',NULL,NULL),(11,'erter','2013-07-31','2013-07-24','2013-07-16','','2013-07-21','657.89','500.00','8014','1','660.00','160.00','66.00','80.00','7.00','87.00',NULL,NULL),(12,'ertert','2013-07-23','2013-07-16','2013-07-22','','2013-07-14','131578.95','100000.00','8015','1','131580.00','31580.00','13004.00','15790.00','1393.00','17183.00',NULL,NULL),(13,'ertert','2013-07-23','2013-07-22','2013-07-14','','2013-07-14','105263.16','100000.00','8016','1','105260.00','5260.00','2630.00','2630.00','0','2630.00','to test',NULL),(14,'rtyrty','2013-07-30','2013-07-22','2013-07-15','','2013-07-22','105263.16','100000.00','8017','1','105260.00','5260.00','2630.00','2630.00','0','2630.00','testing',NULL),(15,'12/02/13 Issue \"Sexiest Man Alive\"','2013-11-22','2013-10-21','2013-10-21','','2013-11-22','18397.44','14350.00','8018','3','18400.00','4050.00','1721.00','2025.00','152.00','2177.00',NULL,NULL),(16,'12/16/13 Issue','2013-12-06','2013-11-11','2013-11-11','','2013-12-06','17147.44','13375.00','8018','3','17150.00','3775.00','1605.50','1887.50','141.00','2028.50',NULL,NULL),(17,'July 2014','2014-07-16','2014-07-13','2014-07-03','1000','2014-07-01','147000.00','100000.00','8019','16','147000.00','47000.00','17630.00','23500.00','2935.00','26435.00',NULL,NULL),(18,'December 2013','2013-12-25','2013-12-17','2013-12-08','','2013-12-19','131580.00','100000.00','8020','16','131580.00','31580.00','13004.00','15790.00','1393.00','17183.00',NULL,NULL),(19,'fghfgh','2013-07-29','2013-07-15','2013-07-15','','2013-07-21','121950.00','100000.00','8021','16','121950.00','21950.00','10115.00','10975.00','430.00','11405.00',NULL,NULL),(20,'dfvgdgh','2013-07-22','2013-07-01','2013-07-03','','2013-07-14','121950.00','100000.00','8022','16','121950.00','21950.00','10115.00','10975.00','430.00','11405.00',NULL,'18'),(21,'12','2013-08-30','2013-08-22','2013-08-22','','2013-08-30','125000.00','100000.00','8023','3','125000.00','25000.00','11030.00','12500.00','735.00','13235.00',NULL,'20'),(22,'12','2013-08-31','2013-08-14','2013-08-14','','2013-08-31','125000.00','100000.00','8024','3','125000.00','25000.00','11030.00','12500.00','735.00','13235.00',NULL,'20'),(23,'12','2013-08-31','2013-08-22','2013-08-22','','2013-08-31','128210.00','100000.00','8025','16','128210.00','28210.00','11993.00','14105.00','1056.00','15161.00',NULL,'22'),(24,'Sunday','2013-07-02','2013-07-02','2013-07-01','1','2013-07-02','','','8026','17',NULL,NULL,NULL,NULL,NULL,NULL,NULL,NULL),(25,'Monday','2013-07-23','2013-07-15','2013-07-15','Gold','2013-07-23','60980.00','50000.00','8027','17','60980.00',NULL,'5058.00','5490.00','216.00','5706.00',NULL,'18'),(26,'Sunday','2013-08-01','2013-07-30','2013-07-30','12','2013-07-30','125000.00','100000.00','8028','17','125000.00','25000.00','11030.00','12500.00','735.00','13235.00',NULL,'20'),(27,'Tuesday','2013-08-02','2013-08-01','2013-08-01','12','2013-08-02','111110.00','100000.00','8028','17','111110.00','11110.00','5555.00','5555.00','0','5555.00','Tuesday discount','10'),(28,'Setember 2013','','','','','','','','8029','17',NULL,NULL,NULL,NULL,NULL,NULL,NULL,NULL),(29,'Setpember 2013 - Mens Health Section- 1/3 page OppositeFP already Places)','2013-09-01','2013-08-12','2013-08-12','10','2013-09-01','','','8030','17',NULL,NULL,NULL,NULL,NULL,NULL,NULL,NULL),(30,'October 2013','2013-10-01','2013-09-10','2013-09-10','10','2013-10-01','11360.00','10000.00','8030','17','11360.00','1360.00','680.00','680.00','0','680.00','Special','12'),(31,'November 2013','2013-11-01','2013-10-24','2013-10-23','15','2013-11-01','117650.00','100000.00','8030','17','117650.00','17650.00','8825.00','8825.00','0.00','8825.00',NULL,'15'),(32,'Setpember 2013 - Mens Health Section- 1/3 page OppositeFP already Places)','2013-09-01','2013-08-12','2013-08-12','10','2013-09-01','','','8030','1',NULL,NULL,NULL,NULL,NULL,NULL,NULL,NULL),(33,'October 2013','2013-10-01','2013-09-10','2013-09-10','10','2013-10-01','11360.00','10000.00','8030','1','11360.00',NULL,'680.00','680.00','0','680.00','Special','12'),(34,'November 2013','2013-11-01','2013-10-24','2013-10-23','15','2013-11-01','117650.00','100000.00','8030','1','117650.00',NULL,'8825.00','8825.00','0.00','8825.00',NULL,'15'),(35,'Setpember 2013 - Mens Health Section- 1/3 page OppositeFP already Places)','2013-09-01','2013-08-12','2013-08-12','10','2013-09-01','','','8030','1',NULL,NULL,NULL,NULL,NULL,NULL,NULL,NULL),(36,'October 2013','2013-10-01','2013-09-10','2013-09-10','10','2013-10-01','11360.00','10000.00','8030','1','11360.00',NULL,'680.00','680.00','0','680.00','Special','12'),(37,'November 2013','2013-11-01','2013-10-24','2013-10-23','15','2013-11-01','117650.00','100000.00','8030','1','117650.00',NULL,'8825.00','8825.00','0.00','8825.00',NULL,'15'),(38,'Setpember 2013 - Mens Health Section- 1/3 page OppositeFP already Places)','2013-09-01','2013-08-12','2013-08-12','10','2013-09-01','','','8030','1',NULL,NULL,NULL,NULL,NULL,NULL,NULL,NULL),(39,'October 2013','2013-10-01','2013-09-10','2013-09-10','10','2013-10-01','11360.00','10000.00','8030','1','11360.00',NULL,'680.00','680.00','0','680.00','Special','12'),(40,'November 2013','2013-11-01','2013-10-24','2013-10-23','15','2013-11-01','117650.00','100000.00','8030','1','117650.00',NULL,'8825.00','8825.00','0.00','8825.00',NULL,'15'),(41,'Setpember 2013 - Mens Health Section- 1/3 page OppositeFP already Places)','2013-09-01','2013-08-12','2013-08-12','10','2013-09-01','117650.00','100000.00','8032','1','117650.00','17650.00','8825.00','8825.00','0.00','8825.00',NULL,'15'),(42,'October 2013','2013-10-01','2013-09-10','2013-09-10','10','2013-10-01','11360.00','10000.00','8032','1','11360.00',NULL,'680.00','680.00','0','680.00','Special','12'),(43,'November 2013','2013-11-01','2013-10-24','2013-10-23','15','2013-11-01','117650.00','100000.00','8032','1','117650.00',NULL,'8825.00','8825.00','0.00','8825.00',NULL,'15'),(44,'Setpember 2013 - Mens Health Section- 1/3 page OppositeFP already Places)','2013-09-01','2013-08-12','2013-08-12','10','2013-09-01','','','8032','1',NULL,NULL,NULL,NULL,NULL,NULL,NULL,NULL),(45,'October 2013','2013-10-01','2013-09-10','2013-09-10','10','2013-10-01','11360.00','10000.00','8032','1','11360.00',NULL,'680.00','680.00','0','680.00','Special','12'),(46,'November 2013','2013-11-01','2013-10-24','2013-10-23','15','2013-11-01','117650.00','100000.00','8032','1','117650.00',NULL,'8825.00','8825.00','0.00','8825.00',NULL,'15'),(47,'Setpember 2013 - Mens Health Section- 1/3 page OppositeFP already Places)','2013-09-01','2013-08-12','2013-08-12','10','2013-09-01','','','8032','1',NULL,NULL,NULL,NULL,NULL,NULL,NULL,NULL),(48,'October 2013','2013-10-01','2013-09-10','2013-09-10','10','2013-10-01','11360.00','10000.00','8032','1','11360.00',NULL,'680.00','680.00','0','680.00','Special','12'),(49,'November 2013','2013-11-01','2013-10-24','2013-10-23','15','2013-11-01','117650.00','100000.00','8032','1','117650.00',NULL,'8825.00','8825.00','0.00','8825.00',NULL,'15'),(50,'Setpember 2013 - Mens Health Section- 1/3 page OppositeFP already Places)','2013-09-01','2013-08-12','2013-08-12','10','2013-09-01','','','8032','1',NULL,NULL,NULL,NULL,NULL,NULL,NULL,NULL),(51,'October 2013','2013-10-01','2013-09-10','2013-09-10','10','2013-10-01','11360.00','10000.00','8032','1','11360.00',NULL,'680.00','680.00','0','680.00','Special','12'),(52,'November 2013','2013-11-01','2013-10-24','2013-10-23','15','2013-11-01','117650.00','100000.00','8032','1','117650.00',NULL,'8825.00','8825.00','0.00','8825.00',NULL,'15'),(53,'Setpember 2013 - Mens Health Section- 1/3 page OppositeFP already Places)','2013-09-01','2013-08-12','2013-08-12','10','2013-09-01','117650.00','100000.00','8033','1','117650.00',NULL,'8825.00','8825.00','0.00','8825.00',NULL,'15'),(54,'October 2013','2013-10-01','2013-09-10','2013-09-10','10','2013-10-01','11360.00','10000.00','8033','1','11360.00',NULL,'680.00','680.00','0','680.00','Special','12'),(55,'November 2013','2013-11-01','2013-10-24','2013-10-23','15','2013-11-01','117650.00','100000.00','8033','1','117650.00',NULL,'8825.00','8825.00','0.00','8825.00',NULL,'15'),(56,'Setpember 2013 - Mens Health Section- 1/3 page OppositeFP already Places)','2013-09-01','2013-08-12','2013-08-12','10','2013-09-01','','','8033','1',NULL,NULL,NULL,NULL,NULL,NULL,NULL,NULL),(57,'October 2013','2013-10-01','2013-09-10','2013-09-10','10','2013-10-01','11360.00','10000.00','8033','1','11360.00',NULL,'680.00','680.00','0','680.00','Special','12'),(58,'November 2013','2013-11-01','2013-10-24','2013-10-23','15','2013-11-01','117650.00','100000.00','8033','1','117650.00',NULL,'8825.00','8825.00','0.00','8825.00',NULL,'15'),(59,'Setpember 2013 - Mens Health Section- 1/3 page OppositeFP already Places)','2013-09-01','2013-08-12','2013-08-12','10','2013-09-01','','','8033','1',NULL,NULL,NULL,NULL,NULL,NULL,NULL,NULL),(60,'October 2013','2013-10-01','2013-09-10','2013-09-10','10','2013-10-01','11360.00','10000.00','8033','1','11360.00',NULL,'680.00','680.00','0','680.00','Special','12'),(61,'November 2013','2013-11-01','2013-10-24','2013-10-23','15','2013-11-01','117650.00','100000.00','8033','1','117650.00',NULL,'8825.00','8825.00','0.00','8825.00',NULL,'15'),(62,'Setpember 2013 - Mens Health Section- 1/3 page OppositeFP already Places)','2013-09-01','2013-08-12','2013-08-12','10','2013-09-01','','','8033','1',NULL,NULL,NULL,NULL,NULL,NULL,NULL,NULL),(63,'October 2013','2013-10-01','2013-09-10','2013-09-10','10','2013-10-01','11360.00','10000.00','8033','1','11360.00',NULL,'680.00','680.00','0','680.00','Special','12'),(64,'November 2013','2013-11-01','2013-10-24','2013-10-23','15','2013-11-01','117650.00','100000.00','8033','1','117650.00',NULL,'8825.00','8825.00','0.00','8825.00',NULL,'15'),(65,'Setpember 2013 - Mens Health Section- 1/3 page OppositeFP already Places)','2013-09-01','2013-08-12','2013-08-12','10','2013-09-01','117650.00','100000.00','8034','1','117650.00',NULL,'8825.00','8825.00','0.00','8825.00',NULL,'15'),(66,'October 2013','2013-10-01','2013-09-10','2013-09-10','10','2013-10-01','11360.00','10000.00','8034','1','11360.00',NULL,'680.00','680.00','0','680.00','Special','12'),(67,'November 2013','2013-11-01','2013-10-24','2013-10-23','15','2013-11-01','117650.00','100000.00','8034','1','117650.00',NULL,'8825.00','8825.00','0.00','8825.00',NULL,'15'),(68,'Setpember 2013 - Mens Health Section- 1/3 page OppositeFP already Places)','2013-09-01','2013-08-12','2013-08-12','10','2013-09-01','','','8034','1',NULL,NULL,NULL,NULL,NULL,NULL,NULL,NULL),(69,'October 2013','2013-10-01','2013-09-10','2013-09-10','10','2013-10-01','11360.00','10000.00','8034','1','11360.00',NULL,'680.00','680.00','0','680.00','Special','12'),(70,'November 2013','2013-11-01','2013-10-24','2013-10-23','15','2013-11-01','117650.00','100000.00','8034','1','117650.00',NULL,'8825.00','8825.00','0.00','8825.00',NULL,'15'),(71,'Setpember 2013 - Mens Health Section- 1/3 page OppositeFP already Places)','2013-09-01','2013-08-12','2013-08-12','10','2013-09-01','','','8034','1',NULL,NULL,NULL,NULL,NULL,NULL,NULL,NULL),(72,'October 2013','2013-10-01','2013-09-10','2013-09-10','10','2013-10-01','11360.00','10000.00','8034','1','11360.00',NULL,'680.00','680.00','0','680.00','Special','12'),(73,'November 2013','2013-11-01','2013-10-24','2013-10-23','15','2013-11-01','117650.00','100000.00','8034','1','117650.00',NULL,'8825.00','8825.00','0.00','8825.00',NULL,'15'),(74,'Setpember 2013 - Mens Health Section- 1/3 page OppositeFP already Places)','2013-09-01','2013-08-12','2013-08-12','10','2013-09-01','','','8034','1',NULL,NULL,NULL,NULL,NULL,NULL,NULL,NULL),(75,'October 2013','2013-10-01','2013-09-10','2013-09-10','10','2013-10-01','11360.00','10000.00','8034','1','11360.00',NULL,'680.00','680.00','0','680.00','Special','12'),(76,'November 2013','2013-11-01','2013-10-24','2013-10-23','15','2013-11-01','117650.00','100000.00','8034','1','117650.00',NULL,'8825.00','8825.00','0.00','8825.00',NULL,'15'),(77,'Setpember 2013 - Mens Health Section- 1/3 page OppositeFP already Places)','2013-09-01','2013-08-12','2013-08-12','10','2013-09-01','117650.00','100000.00','8035','1','117650.00',NULL,'8825.00','8825.00','0.00','8825.00',NULL,'15'),(78,'October 2013','2013-10-01','2013-09-10','2013-09-10','10','2013-10-01','11360.00','10000.00','8035','1','11360.00',NULL,'680.00','680.00','0','680.00','Special','12'),(79,'November 2013','2013-11-01','2013-10-24','2013-10-23','15','2013-11-01','117650.00','100000.00','8035','1','117650.00',NULL,'8825.00','8825.00','0.00','8825.00',NULL,'15'),(80,'Setpember 2013 - Mens Health Section- 1/3 page OppositeFP already Places)','2013-09-01','2013-08-12','2013-08-12','10','2013-09-01','','','8035','1',NULL,NULL,NULL,NULL,NULL,NULL,NULL,NULL),(81,'October 2013','2013-10-01','2013-09-10','2013-09-10','10','2013-10-01','11360.00','10000.00','8035','1','11360.00',NULL,'680.00','680.00','0','680.00','Special','12'),(82,'November 2013','2013-11-01','2013-10-24','2013-10-23','15','2013-11-01','117650.00','100000.00','8035','1','117650.00',NULL,'8825.00','8825.00','0.00','8825.00',NULL,'15'),(83,'Setpember 2013 - Mens Health Section- 1/3 page OppositeFP already Places)','2013-09-01','2013-08-12','2013-08-12','10','2013-09-01','','','8035','1',NULL,NULL,NULL,NULL,NULL,NULL,NULL,NULL),(84,'October 2013','2013-10-01','2013-09-10','2013-09-10','10','2013-10-01','11360.00','10000.00','8035','1','11360.00',NULL,'680.00','680.00','0','680.00','Special','12'),(85,'November 2013','2013-11-01','2013-10-24','2013-10-23','15','2013-11-01','117650.00','100000.00','8035','1','117650.00',NULL,'8825.00','8825.00','0.00','8825.00',NULL,'15'),(86,'Setpember 2013 - Mens Health Section- 1/3 page OppositeFP already Places)','2013-09-01','2013-08-12','2013-08-12','10','2013-09-01','','','8035','1',NULL,NULL,NULL,NULL,NULL,NULL,NULL,NULL),(87,'October 2013','2013-10-01','2013-09-10','2013-09-10','10','2013-10-01','11360.00','10000.00','8035','1','11360.00',NULL,'680.00','680.00','0','680.00','Special','12'),(88,'November 2013','2013-11-01','2013-10-24','2013-10-23','15','2013-11-01','117650.00','100000.00','8035','1','117650.00',NULL,'8825.00','8825.00','0.00','8825.00',NULL,'15'),(89,'Setpember 2013 - Mens Health Section- 1/3 page OppositeFP already Places)','2013-09-01','2013-08-12','2013-08-12','10','2013-09-01','','','8036','1',NULL,NULL,NULL,NULL,NULL,NULL,NULL,NULL),(90,'October 2013','2013-10-01','2013-09-10','2013-09-10','10','2013-10-01','11360.00','10000.00','8036','1','11360.00',NULL,'680.00','680.00','0','680.00','Special','12'),(91,'November 2013','2013-11-01','2013-10-24','2013-10-23','15','2013-11-01','117650.00','100000.00','8036','1','117650.00',NULL,'8825.00','8825.00','0.00','8825.00',NULL,'15'),(92,'Setpember 2013 - Mens Health Section- 1/3 page OppositeFP already Places)','2013-09-01','2013-08-12','2013-08-12','10','2013-09-01','','','8036','1',NULL,NULL,NULL,NULL,NULL,NULL,NULL,NULL),(93,'October 2013','2013-10-01','2013-09-10','2013-09-10','10','2013-10-01','11360.00','10000.00','8036','1','11360.00',NULL,'680.00','680.00','0','680.00','Special','12'),(94,'November 2013','2013-11-01','2013-10-24','2013-10-23','15','2013-11-01','117650.00','100000.00','8036','1','117650.00',NULL,'8825.00','8825.00','0.00','8825.00',NULL,'15'),(95,'Setpember 2013 - Mens Health Section- 1/3 page OppositeFP already Places)','2013-09-01','2013-08-12','2013-08-12','10','2013-09-01','','','8036','1',NULL,NULL,NULL,NULL,NULL,NULL,NULL,NULL),(96,'October 2013','2013-10-01','2013-09-10','2013-09-10','10','2013-10-01','11360.00','10000.00','8036','1','11360.00',NULL,'680.00','680.00','0','680.00','Special','12'),(97,'November 2013','2013-11-01','2013-10-24','2013-10-23','15','2013-11-01','117650.00','100000.00','8036','1','117650.00',NULL,'8825.00','8825.00','0.00','8825.00',NULL,'15'),(98,'Setpember 2013 - Mens Health Section- 1/3 page OppositeFP already Places)','2013-09-01','2013-08-12','2013-08-12','10','2013-09-01','','','8036','1',NULL,NULL,NULL,NULL,NULL,NULL,NULL,NULL),(99,'October 2013','2013-10-01','2013-09-10','2013-09-10','10','2013-10-01','11360.00','10000.00','8036','1','11360.00',NULL,'680.00','680.00','0','680.00','Special','12'),(100,'November 2013','2013-11-01','2013-10-24','2013-10-23','15','2013-11-01','117650.00','100000.00','8036','1','117650.00',NULL,'8825.00','8825.00','0.00','8825.00',NULL,'15'),(101,'Setember 2013','','','','','','','','8037','1',NULL,NULL,NULL,NULL,NULL,NULL,NULL,NULL),(102,'Setember 2013','','','','','','','','8038','1',NULL,NULL,NULL,NULL,NULL,NULL,NULL,NULL),(103,'Setember 2013','2013-07-16','2013-07-08','2013-07-10','','2013-07-08','128210.00','100000.00','8039','1','128210.00','28210.00','11993.00','14105.00','1056.00','15161.00',NULL,'22'),(104,'12','2013-08-31','2013-08-14','2013-08-14','','2013-08-31','125000.00','100000.00','8040','1','125000.00',NULL,'11030.00','12500.00','735.00','13235.00',NULL,'20'),(105,'August 2013','2013-08-22','2013-08-14','2013-08-07','200000','2013-08-06','250000.00','100000.00','8041','1','250000.00','150000.00','48530.00','75000.00','13235.00','88235.00',NULL,'60'),(106,'September 2013','2013-09-25','2013-09-10','2013-09-09','500000','2013-09-09','105000.00','100000.00','8041','1','105000.00','5000.00','2500.00','2500.00','0','2500.00','Testing a low percentage','5'),(107,'August 2013','2013-08-22','2013-08-14','2013-08-07','200000','2013-08-06','250000.00','100000.00','8042','1','250000.00',NULL,'48530.00','75000.00','13235.00','88235.00',NULL,'60'),(108,'September 2013','2013-09-25','2013-09-10','2013-09-09','500000','2013-09-09','105000.00','100000.00','8042','1','105000.00',NULL,'2500.00','2500.00','0','2500.00','Testing a low percentage','5'),(109,'12th','2013-10-25','2013-10-10','2013-10-10','200000','2013-10-25','125000.00','100000.00','8043','3','125000.00','25000.00','11030.00','12500.00','735.00','13235.00',NULL,'20'),(110,'ggg','2013-08-31','2013-08-16','2013-08-16','','2013-08-31','200000.00','100000.00','8044','3','200000.00','100000.00','33530.00','50000.00','8235.00','58235.00',NULL,'50'),(111,'sept','2013-10-31','2013-10-16','2013-10-16','200000','2013-10-31','128210.00','100000.00','8045','3','128210.00','28210.00','11993.00','14105.00','1056.00','15161.00',NULL,'22'),(112,'Sunday - Colour Magazine','2013-07-24','2013-07-16','2013-07-16','45','2013-07-24','609760.00','500000.00','8046','17','609760.00',NULL,'50576.00','54880.00','2152.00','57032.00',NULL,'18'),(113,'Sunday - Colour Magazine','2013-07-24','2013-07-16','2013-07-16','45','2013-07-24','609760.00','500000.00','8047','17','609760.00',NULL,'50576.00','54880.00','2152.00','57032.00',NULL,'18'),(114,'Sunday - Colour Magazine','2013-07-24','2013-07-16','2013-07-16','55','2013-07-24','609760.00','500000.00','8048','17','609760.00',NULL,'50576.00','54880.00','2152.00','57032.00',NULL,'18'),(115,'Wednesday Edition','2013-08-07','2013-08-07','2013-08-07','100','2013-08-06','300000.00','100000.00','8049','17','300000.00','200000.00','63530.00','100000.00','18235.00','118235.00',NULL,'67'),(116,'Monday','2013-08-01','2013-08-01','2013-08-01','56','2013-08-01','117650.00','100000.00','8050','18','117650.00','17650.00','15002.50','2647.50','0.00','2647.50',NULL,'15'),(117,'jan 2014','2013-09-30','2013-09-16','2013-09-16','200000','2013-09-30','125000.00','100000.00','8051','3','125000.00','25000.00','11765.00','12500.00','735.00','13235.00',NULL,'20'),(118,'sept','2013-09-30','2013-09-15','2013-09-15','200000','2013-09-30','121950.00','100000.00','8052','3','121950.00','21950.00','10545.00','10975.00','430.00','11405.00',NULL,'18'),(119,'sept','2013-09-30','2013-09-15','2013-09-15','200000','2013-09-30','105000.00','100000.00','8053','1','105000.00','5000.00','2500.00','2500.00','0','2500.00','dfgdfg','5'),(120,'sept','2013-09-30','2013-09-15','2013-09-15','200000','2013-09-30','105000.00','100000.00','8054','1','105000.00',NULL,'2500.00','2500.00','0','2500.00','dfgdfg','5'),(121,'sept','2013-09-30','2013-09-15','2013-09-15','200000','2013-09-30','105000.00','100000.00','8055','1','105000.00',NULL,'2500.00','2500.00','0','2500.00','dfgdfg','5'),(122,'sept','2013-09-30','2013-09-15','2013-09-15','200000','2013-09-30','105000.00','100000.00','8056','1','105000.00',NULL,'2500.00','2500.00','0','2500.00','dfgdfg','5'),(123,'sept','2013-09-30','2013-09-15','2013-09-15','200000','2013-09-30','105000.00','100000.00','8057','1','105000.00',NULL,'2500.00','2500.00','0','2500.00','dfgdfg','5'),(124,'sept','2013-09-30','2013-09-15','2013-09-15','200000','2013-09-30','105000.00','100000.00','8058','1','105000.00',NULL,'2500.00','2500.00','0','2500.00','dfgdfg','5'),(125,'sept','2013-09-30','2013-09-15','2013-09-15','200000','2013-09-30','105000.00','100000.00','8059','1','105000.00',NULL,'2500.00','2500.00','0','2500.00','dfgdfg','5'),(126,'sept','2013-09-30','2013-09-15','2013-09-15','200000','2013-09-30','105000.00','100000.00','8060','1','105000.00',NULL,'2500.00','2500.00','0','2500.00','dfgdfg','5'),(127,'sept','2013-09-30','2013-09-15','2013-09-15','200000','2013-09-30','105000.00','100000.00','8061','1','105000.00',NULL,'2500.00','2500.00','0','2500.00','dfgdfg','5'),(128,'sept','2013-09-30','2013-09-15','2013-09-15','200000','2013-09-30','105000.00','100000.00','8062','1','105000.00',NULL,'2500.00','2500.00','0','2500.00','dfgdfg','5'),(129,'sept','2013-09-30','2013-09-15','2013-09-15','200000','2013-09-30','105000.00','100000.00','8063','1','105000.00',NULL,'2500.00','2500.00','0','2500.00','dfgdfg','5'),(130,'sept','2013-09-30','2013-09-15','2013-09-15','200000','2013-09-30','105000.00','100000.00','8064','1','105000.00',NULL,'2500.00','2500.00','0','2500.00','dfgdfg','5'),(131,'sept','2013-09-30','2013-09-15','2013-09-15','200000','2013-09-30','105000.00','100000.00','8065','1','105000.00',NULL,'2500.00','2500.00','0','2500.00','dfgdfg','5'),(132,'sept','2013-09-30','2013-09-15','2013-09-15','200000','2013-09-30','105000.00','100000.00','8066','1','105000.00',NULL,'2500.00','2500.00','0','2500.00','dfgdfg','5'),(133,'sept','2013-09-30','2013-09-15','2013-09-15','200000','2013-09-30','105000.00','100000.00','8067','1','105000.00',NULL,'2500.00','2500.00','0','2500.00','dfgdfg','5'),(134,'sept','2013-09-30','2013-09-15','2013-09-15','200000','2013-09-30','105000.00','100000.00','8068','1','105000.00',NULL,'2500.00','2500.00','0','2500.00','dfgdfg','5'),(135,'sept','2013-09-30','2013-09-15','2013-09-15','200000','2013-09-30','105000.00','100000.00','8069','1','105000.00',NULL,'2500.00','2500.00','0','2500.00','dfgdfg','5'),(136,'sept','2013-09-30','2013-09-15','2013-09-15','200000','2013-09-30','105000.00','100000.00','8070','1','105000.00',NULL,'2500.00','2500.00','0','2500.00','dfgdfg','5'),(137,'sept','2013-09-30','2013-09-15','2013-09-15','200000','2013-09-30','105000.00','100000.00','8071','1','105000.00',NULL,'2500.00','2500.00','0','2500.00','dfgdfg','5'),(138,'sept','2013-09-30','2013-09-15','2013-09-15','200000','2013-09-30','105000.00','100000.00','8072','1','105000.00',NULL,'2500.00','2500.00','0','2500.00','dfgdfg','5'),(139,'sept','2013-09-30','2013-09-15','2013-09-15','200000','2013-09-30','105000.00','100000.00','8073','1','105000.00',NULL,'2500.00','2500.00','0','2500.00','dfgdfg','5'),(140,'sept','2013-09-30','2013-09-15','2013-09-15','200000','2013-09-30','105000.00','100000.00','8074','1','105000.00',NULL,'2500.00','2500.00','0','2500.00','dfgdfg','5'),(141,'sept','2013-09-30','2013-09-15','2013-09-15','200000','2013-09-30','105000.00','100000.00','8075','1','105000.00',NULL,'2500.00','2500.00','0','2500.00','dfgdfg','5'),(142,'sept','2013-09-30','2013-09-15','2013-09-15','200000','2013-09-30','105000.00','100000.00','8076','1','105000.00',NULL,'2500.00','2500.00','0','2500.00','dfgdfg','5'),(143,'Sunday','2013-08-01','2013-07-30','2013-07-30','12','2013-07-30','125000.00','100000.00','8077','1','125000.00',NULL,'11030.00','12500.00','735.00','13235.00',NULL,'20'),(144,'Tuesday','2013-08-02','2013-08-01','2013-08-01','12','2013-08-02','111110.00','100000.00','8077','1','111110.00',NULL,'5555.00','5555.00','0','5555.00','Tuesday discount','10'),(145,'12','2013-08-31','2013-08-14','2013-08-14','','2013-08-31','125000.00','100000.00','8078','1','125000.00',NULL,'11030.00','12500.00','735.00','13235.00',NULL,'20'),(146,'12','2013-08-31','2013-08-14','2013-08-14','','2013-08-31','125000.00','100000.00','8079','1','125000.00',NULL,'11030.00','12500.00','735.00','13235.00',NULL,'20'),(147,'12','2013-08-31','2013-08-14','2013-08-14','','2013-08-31','125000.00','100000.00','8080','1','125000.00',NULL,'11030.00','12500.00','735.00','13235.00',NULL,'20'),(148,'12','2013-08-31','2013-08-14','2013-08-14','','2013-08-31','125000.00','100000.00','8081','1','125000.00',NULL,'11030.00','12500.00','735.00','13235.00',NULL,'20'),(149,'Saturday - Evening Edition','2013-08-02','2013-08-01','2013-08-01','1234','2013-08-23','141180.00','120000.00','8082','17','141180.00','21180.00','10590.00','10590.00','0.00','10590.00',NULL,'15'),(150,'Sunday - Morning Edition','2013-07-25','2013-07-22','2013-07-22','4321','2013-09-01','142860.00','100000.00','8082','17','142860.00','42860.00','18909.00','21430.00','2521.00','23951.00',NULL,'30'),(151,'Saturday - Evening Edition','2013-08-02','2013-08-01','2013-08-01','1234','2013-08-23','141180.00','120000.00','8083','17','141180.00',NULL,'10590.00','10590.00','0.00','10590.00',NULL,'15'),(152,'Sunday - Morning Edition','2013-07-25','2013-07-22','2013-07-22','4321','2013-09-01','142860.00','100000.00','8083','17','142860.00',NULL,'18909.00','21430.00','2521.00','23951.00',NULL,'30'),(153,'Saturday - Evening Edition','2013-08-02','2013-08-01','2013-08-01','1234','2013-08-28','141180.00','120000.00','8084','17','141180.00',NULL,'10590.00','10590.00','0.00','10590.00',NULL,'15'),(154,'Sunday - Morning Edition','2013-07-25','2013-07-22','2013-07-22','4321','2013-09-01','142860.00','100000.00','8084','17','142860.00',NULL,'18909.00','21430.00','2521.00','23951.00',NULL,'30'),(155,'Monday','2013-08-02','2013-08-02','2013-08-02','1234','2013-08-02','NaN','NaN','8085','17','1081,080.00','81080.00','40540.00','40540.00','0','40540.00','Mad Monday','7.5'),(156,'Monday','2013-08-02','2013-08-02','2013-08-02','1234','2013-08-02','125000.00','100000.00','8086','3','125000.00','25000.00','11765.00','12500.00','735.00','13235.00',NULL,'20'),(157,'July 2014','2013-10-17','2013-10-09','2013-10-14','1000000','2013-10-14','12820.00','10000.00','8087','1','12820.00','2820.00','1304.00','1410.00','106.00','1516.00',NULL,'22'),(158,'oct','2013-10-31','2013-10-16','2013-10-16','','2013-10-31','131580.00','100000.00','8088','3','131580.00','31580.00','14397.00','15790.00','1393.00','17183.00',NULL,'24'),(159,'oct','2013-10-31','2013-10-16','2013-10-16','','2013-10-31','131580.00','100000.00','8089','3','131580.00','31580.00','14397.00','15790.00','1393.00','17183.00',NULL,'24'),(160,'oct','2013-10-31','2013-10-16','2013-10-16','','2013-10-31','121950.00','100000.00','8090','3','121950.00','21950.00','10545.00','10975.00','430.00','11405.00',NULL,'18'),(161,'oct','2013-10-31','2013-10-16','2013-10-16','','2013-10-31','121950.00','100000.00','8091','3','121950.00','21950.00','10545.00','10975.00','430.00','11405.00',NULL,'18'),(162,'Monday Issue','2013-08-31','2013-08-26','2013-08-18','50','2013-09-25','117650.00','100000.00','8092','17','117650.00','17650.00','8825.00','8825.00','0.00','8825.00',NULL,'15'),(163,'Tuesday Edition','2013-08-30','2013-08-18','2013-08-18','45','2013-09-07','222220.00','200000.00','8093','17','222220.00','22220.00','11110.00','11110.00','0','11110.00','Special Offer','10'),(164,'Wednesday','2013-08-05','2013-08-05','2013-08-05','55','2013-08-05','117650.00','100000.00','8094','17','117650.00','17650.00','8825.00','8825.00','0.00','8825.00',NULL,'15'),(165,'Thursday','2013-08-05','2013-08-05','2013-08-05','35','2013-08-26','125000.00','100000.00','8095','18','125000.00','25000.00','20515.00','3750.00','735.00','4485.00',NULL,'20'),(166,'oct','2013-10-31','2013-10-15','2013-10-14','100000','2013-10-31','120000.00','100000.00','8096','3','120000.00','20000.00','9530.00','10000.00','235.00','10235.00',NULL,'17'),(167,'October','2013-10-31','2013-10-16','2013-10-16','','2013-10-31','140000.00','100000.00','8097','3','140000.00','40000.00','15530.00','20000.00','2235.00','22235.00',NULL,'29'),(168,'October','2013-10-31','2013-10-16','2013-10-16','','2013-10-31','140000.00','100000.00','8098','3','140000.00','40000.00','15530.00','20000.00','2235.00','22235.00',NULL,'29'),(169,'October','2013-10-31','2013-10-16','2013-10-14','','2013-10-31','150000.00','100000.00','8099','3','150000.00','50000.00','18530.00','25000.00','3235.00','28235.00',NULL,'33'),(170,'October','2013-10-31','2013-10-16','2013-10-14','','2013-10-31','150000.00','100000.00','8100','3','150000.00',NULL,'18530.00','25000.00','3235.00','28235.00',NULL,'33'),(171,'oct','2013-08-31','2013-08-14','2013-08-13','','2013-08-14','111110.00','100000.00','8101','3','111110.00','11110.00','5555.00','5555.00','0','5555.00','swela','10'),(172,'Oct','2013-09-30','2013-09-18','2013-09-18','','2013-09-30','140000.00','100000.00','8102','3','140000.00','40000.00','15530.00','20000.00','2235.00','22235.00',NULL,'29'),(173,'Nov','2013-11-30','2013-11-12','2013-11-12','','2013-11-30','120000.00','100000.00','8103','3','120000.00','20000.00','9530.00','10000.00','235.00','10235.00',NULL,'17'),(174,'nov','2013-11-30','2013-11-14','2013-11-14','','2013-11-30','131580.00','100000.00','8104','3','131580.00','31580.00','14397.00','15790.00','1393.00','17183.00',NULL,'24'),(175,'nov','2013-11-30','2013-11-14','2013-11-14','','2013-11-30','131580.00','100000.00','8105','3','131580.00',NULL,'14397.00','15790.00','1393.00','17183.00',NULL,'24'),(176,'Nov','2013-12-02','2013-12-01','2013-12-01','','2013-12-02','140000.00','100000.00','8106','3','140000.00','40000.00','15530.00','20000.00','2235.00','22235.00',NULL,'29'),(177,'Nov','2013-12-02','2013-12-01','2013-12-01','','2013-12-02','140000.00','100000.00','8107','3','140000.00',NULL,'15530.00','20000.00','2235.00','22235.00',NULL,'29'),(178,'November Ed','2013-11-30','2013-11-01','2013-11-01','','2013-11-30','140000.00','100000.00','8108','3','140000.00','40000.00','15530.00','20000.00','2235.00','22235.00',NULL,'29'),(179,'November Ed','2013-11-30','2013-11-01','2013-11-01','','2013-11-30','140000.00','100000.00','8109','3','140000.00',NULL,'15530.00','20000.00','2235.00','22235.00',NULL,'29'),(180,'November','2013-10-08','2013-08-20','2013-08-20','','2013-10-08','21180.00','18000.00','8110','19','21180.00','3180.00','1590.00','1590.00','0.00','1590.00',NULL,'15'),(181,'Nov 2013','2013-11-30','2013-11-01','2013-11-01','200000','2013-11-30','121950.00','100000.00','8111','3','121950.00','21950.00','10545.00','10975.00','430.00','11405.00',NULL,'18'),(182,'Nov 2013','2013-11-30','2013-11-01','2013-11-01','200000','2013-11-30','121950.00','100000.00','8112','3','121950.00','21950.00','10545.00','10975.00','430.00','11405.00',NULL,'18'),(183,'Nov 2013','2013-11-30','2013-11-01','2013-11-01','200000','2013-11-30','121950.00','100000.00','8113','3','121950.00',NULL,'10545.00','10975.00','430.00','11405.00',NULL,'18'),(184,'nove 2013','2013-11-30','2013-11-02','2013-11-02','','2013-11-30','113640.00','100000.00','8114','3','113640.00','13640.00','6820.00','6820.00','0','6820.00','i am not a good sales person ','12'),(185,'November 2013 (Hair)','2013-10-22','2013-08-22','2013-08-22','','2013-08-05','41000.00','35913.00','8115','21','41000.00','5087.00','2543.50','2543.50','0','2543.50','Client was quoted direct - we had to match','12'),(186,'Dec-2013/Jan-2014 (Hair)','2013-11-26','2013-09-27','2013-09-27','','2013-09-13','41000.00','35913.00','8115','21','41000.00','5087.00','2543.50','2543.50','0','2543.50','Client quoted direct - we had to match','12'),(187,'November-2013 (Hair)','2013-10-08','2013-09-20','2013-08-20','','2013-08-15','71640.00','60000.00','8116','21','71640.00','11640.00','5610.00','5820.00','105.00','5925.00',NULL,'16'),(188,'December-2013 (Hair)','2013-11-15','2013-09-20','2013-09-13','','2013-09-13','71640.00','60000.00','8116','21','71640.00','11640.00','5610.00','5820.00','105.00','5925.00',NULL,'16'),(189,'November-2013 (Hair)','2013-10-18','2013-08-23','2013-08-23','','2013-08-15','31250.00','25000.00','8117','21','31250.00','6250.00','2757.00','3125.00','184.00','3309.00',NULL,'20'),(190,'Jan/Feb 2014 (Hair)','2013-12-27','2013-11-01','2013-10-25','','2013-10-25','31250.00','25000.00','8117','21','31250.00','6250.00','2757.00','3125.00','184.00','3309.00',NULL,'20'),(191,'November-2013 (Hair)','2013-10-21','2013-08-28','2013-09-03','','2013-08-15','33750.00','27200.00','8118','21','33750.00','6550.00','2925.00','3275.00','175.00','3450.00',NULL,'19'),(192,'January-2014 (Hair)','2013-12-23','2013-10-30','2013-11-05','','','0.00','0.00','8118','21','0.00','0.00','0.00','0.00','0.00','0.00','Bonus 1/3 page for 3 FP\'s earned in frequency in January, February, March and April 2013 issues. Spot in \"Holiday It List\" - December 2013 Issue','0'),(193,'December-2014 (Hair)','2013-11-05','2013-09-17','2013-09-17','','2013-08-27','66680.00','55698.00','8119','21','66680.00','10982.00','5261.00','5491.00','115.00','5606.00',NULL,'16'),(194,'Life & Style - Issue 13','','','','','','','','8120','21',NULL,NULL,NULL,NULL,NULL,NULL,NULL,NULL),(195,'September','2013-08-06','2013-06-21','2013-07-05','131652','2013-08-06','48000.00','39000.00','8121','20','48000.00','9000.00','4076.00','4500.00','212.00','4712.00',NULL,'19'),(196,'Nov 13','2013-11-30','2013-11-01','2013-11-01','','2013-11-30','117650.00','100000.00','8122','3','117650.00','17650.00','13237.50','4412.50','0.00','4412.50',NULL,'15'),(197,'Nov 13','2013-11-30','2013-11-01','2013-11-01','','2013-11-30','117650.00','100000.00','8123','3','117650.00',NULL,'13237.50','4412.50','0.00','4412.50',NULL,'15'),(198,'Nov 13','2013-11-30','2013-11-01','2013-11-01','100000','2013-11-30','131580.00','100000.00','8124','3','131580.00','31580.00','14397.00','15790.00','1393.00','17183.00',NULL,'24'),(199,'Nov 13','2013-11-30','2013-11-01','2013-11-01','100000','2013-11-30','131580.00','100000.00','8125','3','131580.00',NULL,'14397.00','15790.00','1393.00','17183.00',NULL,'24'),(200,'July 2014','2013-10-17','2013-10-09','2013-10-14','1000000','2013-10-14','12820.00','10000.00','8126','1','12820.00',NULL,'1304.00','1410.00','106.00','1516.00',NULL,'22'),(201,'Nov 13','2013-11-30','2013-11-01','2013-11-01','100000','2013-11-30','131580.00','100000.00','8127','3','131580.00',NULL,'14397.00','15790.00','1393.00','17183.00',NULL,'24'),(202,'Oct 2013','2013-10-31','2013-10-03','2013-10-03','','2013-10-31','12500.00','10000.00','8128','3','12500.00','2500.00','1176.00','1250.00','74.00','1324.00',NULL,'20'),(203,'Nov 2013','2013-11-30','2013-11-01','2013-11-01','','2013-11-30','197370.00','150000.00','8129','3','197370.00','47370.00','21595.00','23685.00','2090.00','25775.00',NULL,'24'),(204,'Nov 2013','2013-11-30','2013-11-01','2013-11-01','','2013-11-30','197370.00','150000.00','8130','3','197370.00',NULL,'21595.00','23685.00','2090.00','25775.00',NULL,'24'),(205,'Nov 2013','2013-11-30','2013-11-01','2013-11-01','100000','2013-11-01','140000.00','100000.00','8131','3','140000.00','40000.00','15530.00','20000.00','2235.00','22235.00',NULL,'29'),(206,'Oct 2013','2013-10-31','2013-10-01','2013-10-01','','2013-10-31','140000.00','100000.00','8132','3','140000.00','40000.00','15530.00','20000.00','2235.00','22235.00',NULL,'29'),(207,'sept 2013','2013-10-31','2013-10-09','2013-10-09','','2013-10-31','132000.00','100000.00','8133','3','132000.00','32000.00','13130.00','16000.00','1435.00','17435.00',NULL,'24'),(208,'Nov 2013','2013-11-30','2013-11-01','2013-11-01','','2013-11-30','197370.00','150000.00','8134','3','197370.00',NULL,'21595.00','23685.00','2090.00','25775.00',NULL,'24'),(209,'oct 2013','2013-10-31','2013-10-31','2013-10-02','','2013-10-02','131580.00','100000.00','8135','3','131580.00','31580.00','14397.00','15790.00','1393.00','17183.00',NULL,'24'),(210,'oct 2013','2013-10-31','2013-10-31','2013-10-02','','2013-10-02','131580.00','100000.00','8136','3','131580.00',NULL,'14397.00','15790.00','1393.00','17183.00',NULL,'24'),(211,'Nov 2013','2013-11-30','2013-11-01','2013-11-01','','2013-11-30','125000.00','100000.00','8137','3','125000.00','25000.00','11765.00','12500.00','735.00','13235.00',NULL,'20'),(212,'oct 2013','2013-10-31','2013-10-31','2013-10-02','','2013-10-31','140000.00','100000.00','8138','3','140000.00','40000.00','15530.00','20000.00','2235.00','22235.00',NULL,'29'),(213,'Nov 2013','2013-11-30','2013-11-01','2013-11-01','','2013-11-30','197370.00','150000.00','8139','3','197370.00',NULL,'21595.00','23685.00','2090.00','25775.00',NULL,'24'),(214,'Oct 2013','2013-10-31','2013-10-02','2013-10-02','100000','2013-10-31','148000.00','100000.00','8140','3','148000.00','48000.00','17930.00','24000.00','3035.00','27035.00',NULL,'32'),(215,'Oct 2013','2013-10-31','2013-10-02','2013-10-02','100000','2013-10-31','148000.00','100000.00','8141','3','148000.00',NULL,'17930.00','24000.00','3035.00','27035.00',NULL,'32'),(216,'oct 2013','2013-11-30','2013-11-01','2013-11-01','','2013-11-01','60980.00','50000.00','8142','3','60980.00','10980.00','5274.00','5490.00','216.00','5706.00',NULL,'18'),(217,'oct 2013','2013-11-30','2013-11-01','2013-11-01','','2013-11-01','75000.00','60000.00','8143','3','75000.00','15000.00','7059.00','7500.00','441.00','7941.00',NULL,'20'),(218,'Oct 2013','2013-10-31','2013-10-10','2013-10-10','','2013-10-31','128210.00','100000.00','8144','3','128210.00','28210.00','13049.00','14105.00','1056.00','15161.00',NULL,'22'),(219,'Oct 2013','2013-10-31','2013-10-10','2013-10-10','','2013-10-31','128210.00','100000.00','8145','3','128210.00',NULL,'13049.00','14105.00','1056.00','15161.00',NULL,'22'),(220,'oct 2013','2013-10-31','2013-10-31','2013-10-02','','2013-10-31','131580.00','100000.00','8146','3','131580.00','31580.00','14397.00','15790.00','1393.00','17183.00',NULL,'24'),(221,'oct 2013','2013-10-31','2013-10-31','2013-10-02','','2013-10-31','131580.00','100000.00','8147','3','131580.00',NULL,'14397.00','15790.00','1393.00','17183.00',NULL,'24'),(222,'oct 2013','2013-10-31','2013-10-03','2013-10-03','','2013-10-17','132000.00','100000.00','8148','3','132000.00','32000.00','13130.00','16000.00','1435.00','17435.00',NULL,'24'),(223,'oct 2013','2013-10-31','2013-10-03','2013-10-03','','2013-10-17','131580.00','100000.00','8149','3','131580.00','31580.00','14397.00','15790.00','1393.00','17183.00',NULL,'24'),(224,'Oct 2013','2013-10-31','2013-10-03','2013-10-03','','2013-10-23','140000.00','100000.00','8150','3','140000.00','40000.00','15530.00','20000.00','2235.00','22235.00',NULL,'29'),(225,'Oct 2013','2013-10-31','2013-10-03','2013-10-03','','2013-10-23','160000.00','120000.00','8151','3','160000.00','40000.00','16236.00','20000.00','1882.00','21882.00',NULL,'25'),(226,'oct 2013','2013-10-31','2013-10-01','2013-10-01','','2013-10-31','131580.00','100000.00','8152','3','131580.00','31580.00','14397.00','15790.00','1393.00','17183.00',NULL,'24'),(227,'oct 2013','2013-10-31','2013-10-01','2013-10-01','','2013-10-31','131580.00','100000.00','8153','3','131580.00',NULL,'14397.00','15790.00','1393.00','17183.00',NULL,'24'),(228,'Oct 2013','2013-10-31','2013-10-03','2013-10-03','','2013-10-31','140000.00','100000.00','8154','3','140000.00',NULL,'15530.00','20000.00','2235.00','22235.00',NULL,'29'),(229,'oct 2013','2013-10-31','2013-10-01','2013-10-01','','2013-10-31','131580.00','100000.00','8155','3','131580.00',NULL,'14397.00','15790.00','1393.00','17183.00',NULL,'24'),(230,'oct 2013','2013-10-31','2013-10-31','2013-10-17','','2013-10-24','145000.00','100000.00','8156','3','145000.00','45000.00','17030.00','22500.00','2735.00','25235.00',NULL,'31');
/*!40000 ALTER TABLE `line_items` ENABLE KEYS */;
UNLOCK TABLES;

--
-- Table structure for table `publishers`
--

DROP TABLE IF EXISTS `publishers`;
/*!40101 SET @saved_cs_client     = @@character_set_client */;
/*!40101 SET character_set_client = utf8 */;
CREATE TABLE `publishers` (
  `id` int(6) NOT NULL AUTO_INCREMENT,
  `company` varchar(255) NOT NULL,
  `email` varchar(255) NOT NULL,
  `primary_contact` varchar(255) NOT NULL,
  `name` longtext NOT NULL,
  `phone` longtext NOT NULL,
  `street1` longtext NOT NULL,
  `street2` longtext NOT NULL,
  `street3` longtext NOT NULL,
  `city` longtext NOT NULL,
  `state` longtext NOT NULL,
  `zip` longtext NOT NULL,
  `url` longtext NOT NULL,
  `circulation_rate_base` varchar(255) DEFAULT NULL,
  `country` varchar(255) DEFAULT NULL,
  PRIMARY KEY (`id`)
) ENGINE=InnoDB AUTO_INCREMENT=26 DEFAULT CHARSET=latin1;
/*!40101 SET character_set_client = @saved_cs_client */;

--
-- Dumping data for table `publishers`
--

LOCK TABLES `publishers` WRITE;
/*!40000 ALTER TABLE `publishers` DISABLE KEYS */;
INSERT INTO `publishers` VALUES (1,'Test Magazine','testmag@dailydealsuperstore.com','Brandon Swift','','4046614182','123 Main St','Apt 5','','Atlanta','GA','30033','http://www.dailydealsuperstore.com','150,000',NULL),(3,'Entrepreneur Media, Inc.','john@dailydealsuperstore.com','Jill Kaplan','','770-209-9858','8 W 38th Street',' ','','New York','NY','10018','','','United States'),(4,'James G. Elliot Company','john@dailydealsuperstore.com','Ilyssa K. Somer','','212-558-9200 ex. 1328','135 East 55th St','','','New York','NY','','',NULL,NULL),(5,'TC Media','john@dailydealsuperstore.com','Lesley Hayes','','310-22-4289','400 Avenue Ste-Croix, St 300','','','St-Laurent','Quebuec','H4N 3L4','',NULL,NULL),(6,'Media People Inc.','john@dailydealsuperstore.com','Warren Berger','','212-779-7172 ext. 223','122 East 42nd St, Ste. 725','','','New York','NY','10168','','450,000',NULL),(7,'Niche Media Holdings, LLC','john@dailydealsuperstore.com','Shannon Pastuszak','','617-456-1541','100 Church St','','','New York','NY','10007','',NULL,NULL),(8,'People','john@dailydealsuperstore.com','Kevin Blechman','','404-346-4031','3399 Peachtree Rd NE','','','Atlanta','GA','30326','','400000',NULL),(9,'Whole Foods Magazine','john@dailydealsuperstore.com','Heather Wainer','','908-769-1160 ext. 14','4041G Hadley Road Suite 101','','','South Plainfield','NJ','07080','',NULL,NULL),(10,'Popular Mechanics','john@dailydealsuperstore.com','Brad Gettlefinger','','212-649-4204','300 West 57th St','','','New York','NY','10019','',NULL,NULL),(11,'The National Law Journal','john@dailydealsuperstore.com','Roseann Agostino','','212-475-9494','120 Broadway','','','New York','NY','10271','',NULL,NULL),(12,'People Magazine','John@dailydealsuperstore.com','','','','','','','','','','',NULL,NULL),(13,'Test Publisher','tp@imagine.com','TP','','987 654 321','','','','','Georgia, California','','',NULL,NULL),(14,'Cosmopolitan ','dfranco@hearst.com','Dawn Franco','','212-649-2932','300 West 57th Street','','','New York','NY','10019','www.hearst.com','3,000,000','United States'),(15,'Parents','Julie.Banfield@meredith.com','Julie Banfield','','415-249-2326','101 Montgomery Street','Suite 1300','','San Francisco','CA','94104','www.meredith.com','2,200,000','United States'),(16,'Family Fun','Julie.Banfield@meredith.com','Julie Banfield','','415-249-2326','101 Montgomery Street','Suite 1300','','San Francisco','CA','94104','www.meredith.com','2,100,000','United States'),(17,'American Baby','Julie.Banfield@meredith.com','Julie Banfield','','415-249-2326','101 Montgomery Street','Suite 1300','','San Francisco','CA','94104','www.meredith.com','2,000,000','United States'),(18,'More','Ashley.O\'Brien@meredith.com','Ashley O\'Brien','','212-499-6791','805 Third Avenue','6th Floor','','New York','NY','10022','www.meredith.com','1,300,000','United States'),(19,'Glamour','jsabol@mediamaxnetwork.com','Jaclyn Sabol','','914-468-8488','','','','','','','www.mediamaxnetwork.com','2,250,000','United States'),(20,'Health','marysmythmedia@gmail.com','Mary Smyth','','845-265-4385','','','','','','','','1,350,000','United States'),(21,'Shape','slarosiliere@amilink.com','Stephanie Larosiliere','','646-521-2820','4 New York Plaza','2nd Floor','','New York','NY','10004','','1,600,000','United States'),(22,'Allure','jsabol@mediamaxnetwork.com','Jaclyn Sabol','','914-468-8488','','','','','','','http://www.mediamaxnetwork.com/','1,100,000','United States'),(23,'O, The Oprah Magazine','MRohr@Hearst.com','Michael S. Rohr','','212-649-2924','','','','','','','www.hearst.com','2,350,000','United States'),(24,'Fitness','Cara.Jacobs@meredith.com','Cara Jacobs','','212-499-6770','805 Third Avenue','6th Floor','','New York','NY','10022','www.meredith.com','1,500,000','United States'),(25,'Life & Style','wman@bauermediaus.com','Whitney Man','','212-994-4181','','','','','','','','350,000','United States');
/*!40000 ALTER TABLE `publishers` ENABLE KEYS */;
UNLOCK TABLES;

--
-- Table structure for table `settings`
--

DROP TABLE IF EXISTS `settings`;
/*!40101 SET @saved_cs_client     = @@character_set_client */;
/*!40101 SET character_set_client = utf8 */;
CREATE TABLE `settings` (
  `id` int(11) NOT NULL AUTO_INCREMENT,
  `dbversion` int(20) DEFAULT '0',
  `level_commissions` text,
  PRIMARY KEY (`id`)
) ENGINE=InnoDB AUTO_INCREMENT=2 DEFAULT CHARSET=latin1;
/*!40101 SET character_set_client = @saved_cs_client */;

--
-- Dumping data for table `settings`
--

LOCK TABLES `settings` WRITE;
/*!40000 ALTER TABLE `settings` DISABLE KEYS */;
INSERT INTO `settings` VALUES (1,25,'{\"bronze\":\".85\",\"silver\":\".82\",\"gold\":\".80\",\"platinum\":\".78\",\"diamond\":\".76\",\"min_total\":\"1500\"}');
/*!40000 ALTER TABLE `settings` ENABLE KEYS */;
UNLOCK TABLES;

--
-- Table structure for table `users`
--

DROP TABLE IF EXISTS `users`;
/*!40101 SET @saved_cs_client     = @@character_set_client */;
/*!40101 SET character_set_client = utf8 */;
CREATE TABLE `users` (
  `id` int(6) NOT NULL AUTO_INCREMENT,
  `type` tinyint(1) NOT NULL DEFAULT '0',
  `email` varchar(255) NOT NULL,
  `name` longtext NOT NULL,
  `phone` longtext NOT NULL,
  `street` longtext NOT NULL,
  `city` longtext NOT NULL,
  `state` longtext NOT NULL,
  `zip` longtext NOT NULL,
  `url` longtext NOT NULL,
  `password` varchar(200) NOT NULL,
  `commission_rate` varchar(255) DEFAULT '0',
  PRIMARY KEY (`id`)
) ENGINE=InnoDB AUTO_INCREMENT=27 DEFAULT CHARSET=latin1;
/*!40101 SET character_set_client = @saved_cs_client */;

--
-- Dumping data for table `users`
--

LOCK TABLES `users` WRITE;
/*!40000 ALTER TABLE `users` DISABLE KEYS */;
INSERT INTO `users` VALUES (1,9,'bswuft@gmail.com','Brandon Swift','404-661-4180','123 Main St','Atlanta','GA','30033','','e3b57875237253e91421cbaf8d4499b75676042c','.5'),(3,9,'john@dailydealsuperstore.com','John Casson','','','','AL','','','7c4a8d09ca3762af61e59520943dc26494f8941b','.50'),(16,0,'mediabroker@dailydealsuperstore.com','Media Broker','','','','AL','','','f4a202a1f0a3ce348c70a94f3ba4fbaae70faf49','.25'),(17,9,'jim@imaginethenow.com','Jim','','','','CA','','','7c4a8d09ca3762af61e59520943dc26494f8941b','.5'),(18,0,'broker_jim@imagine.com','Broker Jim','','','','AL','','','7c4a8d09ca3762af61e59520943dc26494f8941b','.15'),(19,0,'bmathews@media-brokers.com','Bill Mathews','','11720 Amberpark Drive','Atlanta','GA','30009','','7c4a8d09ca3762af61e59520943dc26494f8941b','.50'),(20,0,'sburke@media-brokers.com','Sean Burke','678 514 6200 x 220','11720 Amberpark Drive','Alpharetta','GA','30009','','7c4a8d09ca3762af61e59520943dc26494f8941b','.50'),(21,0,'mstacy@media-brokers.com','Marina Stacy','678 514 6223','11720 Amberpark Drive','Alpharetta','GA','30009','','cef7e59218e3a7e18aaf7faa4a23bcd964323a66','.50'),(23,0,'kbyrne@media-brokers.com','Katey Byrne ','678 514 6251','11720 Amberpark Drive','Alpharetta','GA','30009','','7c4a8d09ca3762af61e59520943dc26494f8941b','.50'),(24,0,'pcrawford@media-brokers.com','Pam Crawford','678 514 6200','11720 Amberpark Drive','Alpharetta','GA','30009','','7c4a8d09ca3762af61e59520943dc26494f8941b','.50'),(25,0,'zstrayer@media-brokers.com','Zack','','11720 Amberpark Drive','Alpharetta','GA','30009','','7c4a8d09ca3762af61e59520943dc26494f8941b','.50'),(26,9,'venkatesh@informaticusa.net','Venky','','','','AL','','','7c4a8d09ca3762af61e59520943dc26494f8941b','.50');
/*!40000 ALTER TABLE `users` ENABLE KEYS */;
UNLOCK TABLES;
/*!40103 SET TIME_ZONE=@OLD_TIME_ZONE */;

/*!40101 SET SQL_MODE=@OLD_SQL_MODE */;
/*!40014 SET FOREIGN_KEY_CHECKS=@OLD_FOREIGN_KEY_CHECKS */;
/*!40014 SET UNIQUE_CHECKS=@OLD_UNIQUE_CHECKS */;
/*!40101 SET CHARACTER_SET_CLIENT=@OLD_CHARACTER_SET_CLIENT */;
/*!40101 SET CHARACTER_SET_RESULTS=@OLD_CHARACTER_SET_RESULTS */;
/*!40101 SET COLLATION_CONNECTION=@OLD_COLLATION_CONNECTION */;
/*!40111 SET SQL_NOTES=@OLD_SQL_NOTES */;

-- Dump completed on 2013-10-14  8:24:28
